recording,subject,n_drop,trial,method,temporal_r,rmse_uv,sdr_db,n_good
G001Day1Rest1.cnt,G001,8,1,nearest,0.431,67.457,-0.535,54
G001Day1Rest1.cnt,G001,8,1,linear,0.9886,3.666,24.762,54
G001Day1Rest1.cnt,G001,8,1,spline,0.5093,52.102,1.709,54
G001Day1Rest1.cnt,G001,8,2,nearest,0.1979,74.672,-5.714,54
G001Day1Rest1.cnt,G001,8,2,linear,0.9234,4.32,19.039,54
G001Day1Rest1.cnt,G001,8,2,spline,0.0946,47.479,-1.781,54
G001Day1Rest1.cnt,G001,16,1,nearest,0.0177,84.659,-2.745,46
G001Day1Rest1.cnt,G001,16,1,linear,0.9238,5.459,21.066,46
G001Day1Rest1.cnt,G001,16,1,spline,0.5875,174.309,-9.018,46
G001Day1Rest1.cnt,G001,16,2,nearest,0.1146,91.642,-2.736,46
G001Day1Rest1.cnt,G001,16,2,linear,0.9874,3.626,25.318,46
G001Day1Rest1.cnt,G001,16,2,spline,0.0086,73.005,-0.761,46
G001Day1Rest1.cnt,G001,24,1,nearest,0.1123,77.001,-2.846,38
G001Day1Rest1.cnt,G001,24,1,linear,0.9306,4.514,21.792,38
G001Day1Rest1.cnt,G001,24,1,spline,0.1508,85.691,-3.775,38
G001Day1Rest1.cnt,G001,24,2,nearest,0.3854,75.727,-1.798,38
G001Day1Rest1.cnt,G001,24,2,linear,0.9109,5.648,20.75,38
G001Day1Rest1.cnt,G001,24,2,spline,0.463,189.037,-9.744,38
G001Day1Rest1.cnt,G001,32,1,nearest,0.0845,72.05,-1.156,30
G001Day1Rest1.cnt,G001,32,1,linear,0.9383,5.525,21.15,30
G001Day1Rest1.cnt,G001,32,1,spline,0.2896,92.475,-3.324,30
G001Day1Rest1.cnt,G001,32,2,nearest,0.0845,72.05,-1.156,30
G001Day1Rest1.cnt,G001,32,2,linear,0.9383,5.525,21.15,30
G001Day1Rest1.cnt,G001,32,2,spline,0.2896,92.475,-3.324,30
G001Day1Rest1.cnt,G001,40,1,nearest,0.1654,64.947,-0.069,22
G001Day1Rest1.cnt,G001,40,1,linear,0.9436,4.872,22.429,22
G001Day1Rest1.cnt,G001,40,1,spline,-0.2455,105.531,-4.285,22
G001Day1Rest1.cnt,G001,40,2,nearest,-0.1577,71.488,-0.783,22
G001Day1Rest1.cnt,G001,40,2,linear,0.9518,5.096,22.158,22
G001Day1Rest1.cnt,G001,40,2,spline,-0.497,205.93,-9.973,22
G001Day1Rest1.cnt,G001,48,1,nearest,0.0551,66.204,-0.876,14
G001Day1Rest1.cnt,G001,48,1,linear,0.933,5.046,21.483,14
G001Day1Rest1.cnt,G001,48,1,spline,0.0058,202.778,-10.599,14
G001Day1Rest1.cnt,G001,48,2,nearest,0.3862,68.39,0.007,14
G001Day1Rest1.cnt,G001,48,2,linear,0.9334,5.9,21.29,14
G001Day1Rest1.cnt,G001,48,2,spline,0.5261,228.209,-10.46,14
G001Day1Rest2.cnt,G001,8,1,nearest,0.3545,84.039,-2.467,54
G001Day1Rest2.cnt,G001,8,1,linear,0.9041,4.557,22.849,54
G001Day1Rest2.cnt,G001,8,1,spline,0.4644,59.226,0.573,54
G001Day1Rest2.cnt,G001,8,2,nearest,0.2848,69.897,-2.731,54
G001Day1Rest2.cnt,G001,8,2,linear,0.9024,5.608,19.183,54
G001Day1Rest2.cnt,G001,8,2,spline,0.1493,46.813,0.751,54
G001Day1Rest2.cnt,G001,16,1,nearest,0.4988,79.862,-1.358,46
G001Day1Rest2.cnt,G001,16,1,linear,0.8876,3.967,24.718,46
G001Day1Rest2.cnt,G001,16,1,spline,0.221,90.14,-2.41,46
G001Day1Rest2.cnt,G001,16,2,nearest,-0.2944,94.39,-2.299,46
G001Day1Rest2.cnt,G001,16,2,linear,0.9736,3.765,25.685,46
G001Day1Rest2.cnt,G001,16,2,spline,-0.0327,99.212,-2.732,46
G001Day1Rest2.cnt,G001,24,1,nearest,0.28,87.628,-3.419,38
G001Day1Rest2.cnt,G001,24,1,linear,0.9058,4.849,21.721,38
G001Day1Rest2.cnt,G001,24,1,spline,0.4453,120.147,-6.161,38
G001Day1Rest2.cnt,G001,24,2,nearest,-0.1862,91.139,-3.315,38
G001Day1Rest2.cnt,G001,24,2,linear,0.9361,4.689,22.457,38
G001Day1Rest2.cnt,G001,24,2,spline,-0.19,98.193,-3.962,38
G001Day1Rest2.cnt,G001,32,1,nearest,0.2211,71.769,-0.334,30
G001Day1Rest2.cnt,G001,32,1,linear,0.9205,5.162,22.529,30
G001Day1Rest2.cnt,G001,32,1,spline,0.0687,77.831,-1.038,30
G001Day1Rest2.cnt,G001,32,2,nearest,0.1966,80.018,-3.662,30
G001Day1Rest2.cnt,G001,32,2,linear,0.8951,5.791,19.146,30
G001Day1Rest2.cnt,G001,32,2,spline,0.2185,164.4,-9.916,30
G001Day1Rest2.cnt,G001,40,1,nearest,0.213,80.219,-1.625,22
G001Day1Rest2.cnt,G001,40,1,linear,0.9496,4.687,23.042,22
G001Day1Rest2.cnt,G001,40,1,spline,0.4467,91.42,-2.76,22
G001Day1Rest2.cnt,G001,40,2,nearest,0.0643,80.283,-1.751,22
G001Day1Rest2.cnt,G001,40,2,linear,0.8794,5.902,20.922,22
G001Day1Rest2.cnt,G001,40,2,spline,-0.2304,122.064,-5.39,22
G001Day1Rest2.cnt,G001,48,1,nearest,-0.1567,91.534,-3.311,14
G001Day1Rest2.cnt,G001,48,1,linear,0.9316,5.089,21.789,14
G001Day1Rest2.cnt,G001,48,1,spline,-0.3918,544.536,-18.8,14
G001Day1Rest2.cnt,G001,48,2,nearest,-0.0668,107.123,-4.79,14
G001Day1Rest2.cnt,G001,48,2,linear,0.9248,5.751,20.612,14
G001Day1Rest2.cnt,G001,48,2,spline,-0.2648,265.938,-12.688,14
G001Day2Rest1.cnt,G001,8,1,nearest,0.7429,223.292,0.288,54
G001Day2Rest1.cnt,G001,8,1,linear,0.9962,4.734,33.761,54
G001Day2Rest1.cnt,G001,8,1,spline,0.465,198.526,1.309,54
G001Day2Rest1.cnt,G001,8,2,nearest,0.2291,338.929,-2.375,54
G001Day2Rest1.cnt,G001,8,2,linear,0.9792,6.721,31.679,54
G001Day2Rest1.cnt,G001,8,2,spline,-0.3013,391.891,-3.636,54
G001Day2Rest1.cnt,G001,16,1,nearest,-0.1661,277.228,-2.727,46
G001Day2Rest1.cnt,G001,16,1,linear,0.9985,6.632,29.698,46
G001Day2Rest1.cnt,G001,16,1,spline,-0.3671,355.536,-4.888,46
G001Day2Rest1.cnt,G001,16,2,nearest,-0.2015,351.63,-3.131,46
G001Day2Rest1.cnt,G001,16,2,linear,0.9972,6.195,31.95,46
G001Day2Rest1.cnt,G001,16,2,spline,0.2616,340.168,-2.844,46
G001Day2Rest1.cnt,G001,24,1,nearest,-0.1639,347.155,-2.008,38
G001Day2Rest1.cnt,G001,24,1,linear,0.9986,8.93,29.785,38
G001Day2Rest1.cnt,G001,24,1,spline,-0.4958,399.34,-3.225,38
G001Day2Rest1.cnt,G001,24,2,nearest,0.1692,309.281,-1.502,38
G001Day2Rest1.cnt,G001,24,2,linear,0.9731,5.907,32.878,38
G001Day2Rest1.cnt,G001,24,2,spline,-0.2997,367.305,-2.995,38
G001Day2Rest1.cnt,G001,32,1,nearest,0.3117,251.405,0.319,30
G001Day2Rest1.cnt,G001,32,1,linear,0.9936,7.877,30.399,30
G001Day2Rest1.cnt,G001,32,1,spline,-0.1734,277.338,-0.534,30
G001Day2Rest1.cnt,G001,32,2,nearest,-0.1791,355.798,-2.598,30
G001Day2Rest1.cnt,G001,32,2,linear,0.9961,7.431,31.005,30
G001Day2Rest1.cnt,G001,32,2,spline,-0.3124,928.74,-10.932,30
G001Day2Rest1.cnt,G001,40,1,nearest,-0.0007,317.586,-2.087,22
G001Day2Rest1.cnt,G001,40,1,linear,0.9933,8.683,29.177,22
G001Day2Rest1.cnt,G001,40,1,spline,-0.0366,397.081,-4.027,22
G001Day2Rest1.cnt,G001,40,2,nearest,0.4006,263.357,-0.793,22
G001Day2Rest1.cnt,G001,40,2,linear,0.9937,8.611,28.917,22
G001Day2Rest1.cnt,G001,40,2,spline,0.2513,634.637,-8.432,22
G001Day2Rest1.cnt,G001,48,1,nearest,0.1543,324.993,-2.365,14
G001Day2Rest1.cnt,G001,48,1,linear,0.9845,8.792,28.991,14
G001Day2Rest1.cnt,G001,48,1,spline,-0.3228,1482.411,-15.547,14
G001Day2Rest1.cnt,G001,48,2,nearest,0.0764,389.992,-4.367,14
G001Day2Rest1.cnt,G001,48,2,linear,0.9845,8.107,29.277,14
G001Day2Rest1.cnt,G001,48,2,spline,-0.3239,1241.443,-14.424,14
G001Day2Rest2.cnt,G001,8,1,nearest,0.4961,65.961,0.075,54
G001Day2Rest2.cnt,G001,8,1,linear,0.9908,2.854,27.351,54
G001Day2Rest2.cnt,G001,8,1,spline,-0.601,87.631,-2.392,54
G001Day2Rest2.cnt,G001,8,2,nearest,0.5222,41.581,3.097,54
G001Day2Rest2.cnt,G001,8,2,linear,0.9961,2.798,26.538,54
G001Day2Rest2.cnt,G001,8,2,spline,0.9916,29.402,6.107,54
G001Day2Rest2.cnt,G001,16,1,nearest,0.3453,75.962,-1.85,46
G001Day2Rest2.cnt,G001,16,1,linear,0.9751,3.477,24.939,46
G001Day2Rest2.cnt,G001,16,1,spline,0.4019,63.412,-0.281,46
G001Day2Rest2.cnt,G001,16,2,nearest,0.3934,89.54,-3.857,46
G001Day2Rest2.cnt,G001,16,2,linear,0.9723,6.205,19.329,46
G001Day2Rest2.cnt,G001,16,2,spline,0.2132,88.612,-3.767,46
G001Day2Rest2.cnt,G001,24,1,nearest,0.3515,62.514,0.336,38
G001Day2Rest2.cnt,G001,24,1,linear,0.9823,3.891,24.454,38
G001Day2Rest2.cnt,G001,24,1,spline,0.5976,135.504,-6.383,38
G001Day2Rest2.cnt,G001,24,2,nearest,0.3423,71.65,-2.173,38
G001Day2Rest2.cnt,G001,24,2,linear,0.9809,4.542,21.786,38
G001Day2Rest2.cnt,G001,24,2,spline,0.1116,220.177,-11.924,38
G001Day2Rest2.cnt,G001,32,1,nearest,0.0986,70.167,-0.53,30
G001Day2Rest2.cnt,G001,32,1,linear,0.9766,4.517,23.295,30
G001Day2Rest2.cnt,G001,32,1,spline,0.3379,103.395,-3.897,30
G001Day2Rest2.cnt,G001,32,2,nearest,0.2548,70.661,-0.752,30
G001Day2Rest2.cnt,G001,32,2,linear,0.9808,4.926,22.381,30
G001Day2Rest2.cnt,G001,32,2,spline,0.2706,117.169,-5.145,30
G001Day2Rest2.cnt,G001,40,1,nearest,0.3411,74.621,-0.306,22
G001Day2Rest2.cnt,G001,40,1,linear,0.9825,4.594,23.907,22
G001Day2Rest2.cnt,G001,40,1,spline,0.3711,80.176,-0.929,22
G001Day2Rest2.cnt,G001,40,2,nearest,0.2052,71.524,-1.945,22
G001Day2Rest2.cnt,G001,40,2,linear,0.95,4.73,21.647,22
G001Day2Rest2.cnt,G001,40,2,spline,0.1975,282.858,-13.888,22
G001Day2Rest2.cnt,G001,48,1,nearest,0.0821,86.534,-1.282,14
G001Day2Rest2.cnt,G001,48,1,linear,0.9562,6.055,21.819,14
G001Day2Rest2.cnt,G001,48,1,spline,0.4166,202.143,-8.652,14
G001Day2Rest2.cnt,G001,48,2,nearest,-0.0426,76.932,-2.142,14
G001Day2Rest2.cnt,G001,48,2,linear,0.9682,5.718,20.435,14
G001Day2Rest2.cnt,G001,48,2,spline,-0.2316,259.015,-12.687,14
G001Day3Rest1.cnt,G001,8,1,nearest,0.8416,69.138,5.731,54
G001Day3Rest1.cnt,G001,8,1,linear,0.9708,6.944,25.693,54
G001Day3Rest1.cnt,G001,8,1,spline,0.7819,76.064,4.902,54
G001Day3Rest1.cnt,G001,8,2,nearest,0.7489,71.701,3.791,54
G001Day3Rest1.cnt,G001,8,2,linear,0.9929,4.315,28.2,54
G001Day3Rest1.cnt,G001,8,2,spline,0.7498,81.105,2.72,54
G001Day3Rest1.cnt,G001,16,1,nearest,0.1336,121.115,-4.228,46
G001Day3Rest1.cnt,G001,16,1,linear,0.9405,6.629,21.008,46
G001Day3Rest1.cnt,G001,16,1,spline,0.4972,188.948,-8.09,46
G001Day3Rest1.cnt,G001,16,2,nearest,0.1433,111.994,-0.702,46
G001Day3Rest1.cnt,G001,16,2,linear,0.9895,4.715,26.813,46
G001Day3Rest1.cnt,G001,16,2,spline,-0.0937,110.564,-0.59,46
G001Day3Rest1.cnt,G001,24,1,nearest,0.3162,79.386,1.503,38
G001Day3Rest1.cnt,G001,24,1,linear,0.9709,4.621,26.203,38
G001Day3Rest1.cnt,G001,24,1,spline,0.305,104.012,-0.844,38
G001Day3Rest1.cnt,G001,24,2,nearest,0.6703,89.27,0.607,38
G001Day3Rest1.cnt,G001,24,2,linear,0.979,5.269,25.186,38
G001Day3Rest1.cnt,G001,24,2,spline,0.7589,169.795,-4.978,38
G001Day3Rest1.cnt,G001,32,1,nearest,0.1949,98.519,-0.881,30
G001Day3Rest1.cnt,G001,32,1,linear,0.9751,5.417,24.314,30
G001Day3Rest1.cnt,G001,32,1,spline,-0.1221,104.064,-1.357,30
G001Day3Rest1.cnt,G001,32,2,nearest,0.01,130.917,-1.99,30
G001Day3Rest1.cnt,G001,32,2,linear,0.99,4.96,26.441,30
G001Day3Rest1.cnt,G001,32,2,spline,0.4312,100.493,0.307,30
G001Day3Rest1.cnt,G001,40,1,nearest,0.3214,110.469,-0.183,22
G001Day3Rest1.cnt,G001,40,1,linear,0.9945,5.917,25.239,22
G001Day3Rest1.cnt,G001,40,1,spline,0.5475,92.365,1.372,22
G001Day3Rest1.cnt,G001,40,2,nearest,-0.0428,132.208,-2.265,22
G001Day3Rest1.cnt,G001,40,2,linear,0.9425,6.7,23.638,22
G001Day3Rest1.cnt,G001,40,2,spline,0.2487,283.319,-8.886,22
G001Day3Rest1.cnt,G001,48,1,nearest,-0.0183,138.202,-1.167,14
G001Day3Rest1.cnt,G001,48,1,linear,0.9714,6.56,25.306,14
G001Day3Rest1.cnt,G001,48,1,spline,-0.6393,458.04,-11.575,14
G001Day3Rest1.cnt,G001,48,2,nearest,0.3061,107.942,1.355,14
G001Day3Rest1.cnt,G001,48,2,linear,0.9668,5.893,26.612,14
G001Day3Rest1.cnt,G001,48,2,spline,0.369,188.339,-3.48,14
G001Day3Rest2.cnt,G001,8,1,nearest,0.0045,178.92,-3.861,54
G001Day3Rest2.cnt,G001,8,1,linear,0.993,4.087,28.965,54
G001Day3Rest2.cnt,G001,8,1,spline,0.0185,150.734,-2.372,54
G001Day3Rest2.cnt,G001,8,2,nearest,0.0161,151.304,-3.008,54
G001Day3Rest2.cnt,G001,8,2,linear,0.9821,4.692,27.163,54
G001Day3Rest2.cnt,G001,8,2,spline,-0.2455,117.257,-0.794,54
G001Day3Rest2.cnt,G001,16,1,nearest,0.1366,202.278,-0.423,46
G001Day3Rest2.cnt,G001,16,1,linear,0.9984,3.744,34.229,46
G001Day3Rest2.cnt,G001,16,1,spline,0.8694,126.24,3.672,46
G001Day3Rest2.cnt,G001,16,2,nearest,0.0129,160.153,-3.166,46
G001Day3Rest2.cnt,G001,16,2,linear,0.9885,4.585,27.698,46
G001Day3Rest2.cnt,G001,16,2,spline,-0.1247,249.801,-7.027,46
G001Day3Rest2.cnt,G001,24,1,nearest,0.1731,173.47,-1.73,38
G001Day3Rest2.cnt,G001,24,1,linear,0.9923,4.496,29.998,38
G001Day3Rest2.cnt,G001,24,1,spline,0.3272,183.141,-2.201,38
G001Day3Rest2.cnt,G001,24,2,nearest,0.7636,105.818,3.761,38
G001Day3Rest2.cnt,G001,24,2,linear,0.9815,3.901,32.429,38
G001Day3Rest2.cnt,G001,24,2,spline,0.5724,130.598,1.934,38
G001Day3Rest2.cnt,G001,32,1,nearest,0.3469,146.377,0.261,30
G001Day3Rest2.cnt,G001,32,1,linear,0.9431,5.05,29.504,30
G001Day3Rest2.cnt,G001,32,1,spline,0.1798,168.747,-0.974,30
G001Day3Rest2.cnt,G001,32,2,nearest,0.1593,196.92,-0.949,30
G001Day3Rest2.cnt,G001,32,2,linear,0.9376,6.45,28.744,30
G001Day3Rest2.cnt,G001,32,2,spline,-0.6501,466.796,-8.446,30
G001Day3Rest2.cnt,G001,40,1,nearest,0.5597,178.221,0.753,22
G001Day3Rest2.cnt,G001,40,1,linear,0.9669,6.595,29.388,22
G001Day3Rest2.cnt,G001,40,1,spline,0.2809,230.128,-1.468,22
G001Day3Rest2.cnt,G001,40,2,nearest,0.3513,145.854,-0.667,22
G001Day3Rest2.cnt,G001,40,2,linear,0.991,5.095,28.469,22
G001Day3Rest2.cnt,G001,40,2,spline,0.2166,287.406,-6.558,22
G001Day3Rest2.cnt,G001,48,1,nearest,0.2065,194.143,-0.288,14
G001Day3Rest2.cnt,G001,48,1,linear,0.9788,6.636,29.036,14
G001Day3Rest2.cnt,G001,48,1,spline,-0.6635,601.426,-10.11,14
G001Day3Rest2.cnt,G001,48,2,nearest,0.2077,160.914,1.064,14
G001Day3Rest2.cnt,G001,48,2,linear,0.9828,5.811,29.91,14
G001Day3Rest2.cnt,G001,48,2,spline,-0.5108,397.086,-6.782,14
G001Day4Rest1.cnt,G001,8,1,nearest,-0.3265,97.073,-0.739,54
G001Day4Rest1.cnt,G001,8,1,linear,0.9967,3.788,27.434,54
G001Day4Rest1.cnt,G001,8,1,spline,0.7549,102.176,-1.184,54
G001Day4Rest1.cnt,G001,8,2,nearest,0.3073,119.076,-1.248,54
G001Day4Rest1.cnt,G001,8,2,linear,0.9767,4.865,26.527,54
G001Day4Rest1.cnt,G001,8,2,spline,0.5356,115.494,-0.983,54
G001Day4Rest1.cnt,G001,16,1,nearest,0.1701,140.122,-1.254,46
G001Day4Rest1.cnt,G001,16,1,linear,0.9313,93.454,2.264,46
G001Day4Rest1.cnt,G001,16,1,spline,0.1729,131.622,-0.71,46
G001Day4Rest1.cnt,G001,16,2,nearest,0.389,139.584,-4.981,46
G001Day4Rest1.cnt,G001,16,2,linear,0.979,4.652,24.563,46
G001Day4Rest1.cnt,G001,16,2,spline,0.5263,213.043,-8.653,46
G001Day4Rest1.cnt,G001,24,1,nearest,0.4925,97.647,1.977,38
G001Day4Rest1.cnt,G001,24,1,linear,0.9892,4.936,27.903,38
G001Day4Rest1.cnt,G001,24,1,spline,-0.0435,167.674,-2.719,38
G001Day4Rest1.cnt,G001,24,2,nearest,0.2989,132.212,-0.723,38
G001Day4Rest1.cnt,G001,24,2,linear,0.9742,76.332,4.048,38
G001Day4Rest1.cnt,G001,24,2,spline,0.2528,131.715,-0.691,38
G001Day4Rest1.cnt,G001,32,1,nearest,0.5819,135.869,1.227,30
G001Day4Rest1.cnt,G001,32,1,linear,0.9749,66.125,7.482,30
G001Day4Rest1.cnt,G001,32,1,spline,0.6965,162.53,-0.329,30
G001Day4Rest1.cnt,G001,32,2,nearest,0.2384,125.386,0.786,30
G001Day4Rest1.cnt,G001,32,2,linear,0.9729,66.159,6.339,30
G001Day4Rest1.cnt,G001,32,2,spline,-0.2711,178.724,-2.293,30
G001Day4Rest1.cnt,G001,40,1,nearest,0.2983,102.652,1.025,22
G001Day4Rest1.cnt,G001,40,1,linear,0.9871,5.009,27.256,22
G001Day4Rest1.cnt,G001,40,1,spline,0.3994,311.5,-8.617,22
G001Day4Rest1.cnt,G001,40,2,nearest,0.2938,112.739,0.755,22
G001Day4Rest1.cnt,G001,40,2,linear,0.9637,59.222,6.346,22
G001Day4Rest1.cnt,G001,40,2,spline,0.2184,189.218,-3.743,22
G001Day4Rest1.cnt,G001,48,1,nearest,0.2899,151.999,-0.554,14
G001Day4Rest1.cnt,G001,48,1,linear,0.975,54.096,8.42,14
G001Day4Rest1.cnt,G001,48,1,spline,-0.5033,284.162,-5.988,14
G001Day4Rest1.cnt,G001,48,2,nearest,0.0443,158.047,-2.586,14
G001Day4Rest1.cnt,G001,48,2,linear,0.9775,5.252,26.983,14
G001Day4Rest1.cnt,G001,48,2,spline,0.1627,889.018,-17.589,14
G001Day4Rest2.cnt,G001,8,1,nearest,0.2505,135.295,-1.194,54
G001Day4Rest2.cnt,G001,8,1,linear,0.9897,6.54,25.12,54
G001Day4Rest2.cnt,G001,8,1,spline,0.6821,108.37,0.733,54
G001Day4Rest2.cnt,G001,8,2,nearest,0.4709,237.457,-4.943,54
G001Day4Rest2.cnt,G001,8,2,linear,0.9985,4.588,29.337,54
G001Day4Rest2.cnt,G001,8,2,spline,-0.471,202.729,-3.57,54
G001Day4Rest2.cnt,G001,16,1,nearest,0.3768,193.053,-2.413,46
G001Day4Rest2.cnt,G001,16,1,linear,0.9826,103.908,2.967,46
G001Day4Rest2.cnt,G001,16,1,spline,0.2553,227.133,-3.826,46
G001Day4Rest2.cnt,G001,16,2,nearest,-0.1014,158.087,-3.293,46
G001Day4Rest2.cnt,G001,16,2,linear,0.9916,6.628,24.258,46
G001Day4Rest2.cnt,G001,16,2,spline,0.3844,191.092,-4.94,46
G001Day4Rest2.cnt,G001,24,1,nearest,0.258,162.385,-1.93,38
G001Day4Rest2.cnt,G001,24,1,linear,0.9729,84.889,3.704,38
G001Day4Rest2.cnt,G001,24,1,spline,0.325,300.206,-7.268,38
G001Day4Rest2.cnt,G001,24,2,nearest,0.3028,133.296,-3.348,38
G001Day4Rest2.cnt,G001,24,2,linear,0.9631,9.104,19.963,38
G001Day4Rest2.cnt,G001,24,2,spline,-0.135,163.171,-5.105,38
G001Day4Rest2.cnt,G001,32,1,nearest,-0.0862,178.36,-2.237,30
G001Day4Rest2.cnt,G001,32,1,linear,0.9736,73.546,5.458,30
G001Day4Rest2.cnt,G001,32,1,spline,0.5605,313.262,-7.129,30
G001Day4Rest2.cnt,G001,32,2,nearest,0.3338,142.776,0.502,30
G001Day4Rest2.cnt,G001,32,2,linear,0.9916,73.576,6.26,30
G001Day4Rest2.cnt,G001,32,2,spline,-0.3566,240.085,-4.013,30
G001Day4Rest2.cnt,G001,40,1,nearest,0.1563,154.918,-0.958,22
G001Day4Rest2.cnt,G001,40,1,linear,0.9664,65.816,6.477,22
G001Day4Rest2.cnt,G001,40,1,spline,0.3144,198.346,-3.105,22
G001Day4Rest2.cnt,G001,40,2,nearest,0.3398,133.264,0.682,22
G001Day4Rest2.cnt,G001,40,2,linear,0.98,65.827,6.808,22
G001Day4Rest2.cnt,G001,40,2,spline,0.7439,486.506,-10.566,22
G001Day4Rest2.cnt,G001,48,1,nearest,0.1329,180.654,-1.384,14
G001Day4Rest2.cnt,G001,48,1,linear,0.9939,60.153,8.168,14
G001Day4Rest2.cnt,G001,48,1,spline,-0.3824,337.056,-6.801,14
G001Day4Rest2.cnt,G001,48,2,nearest,0.285,129.1,-0.53,14
G001Day4Rest2.cnt,G001,48,2,linear,0.9473,60.16,6.103,14
G001Day4Rest2.cnt,G001,48,2,spline,-0.0021,289.845,-7.555,14
G001Day5Rest1.cnt,G001,8,1,nearest,0.0501,56.252,0.922,54
G001Day5Rest1.cnt,G001,8,1,linear,0.9965,3.868,24.175,54
G001Day5Rest1.cnt,G001,8,1,spline,-0.1416,78.177,-1.937,54
G001Day5Rest1.cnt,G001,8,2,nearest,0.4349,50.434,-0.246,54
G001Day5Rest1.cnt,G001,8,2,linear,0.932,4.105,21.542,54
G001Day5Rest1.cnt,G001,8,2,spline,-0.0152,52.342,-0.568,54
G001Day5Rest1.cnt,G001,16,1,nearest,0.2247,76.791,-1.645,46
G001Day5Rest1.cnt,G001,16,1,linear,0.9834,3.997,24.027,46
G001Day5Rest1.cnt,G001,16,1,spline,0.1267,66.721,-0.424,46
G001Day5Rest1.cnt,G001,16,2,nearest,0.4451,59.591,-1.124,46
G001Day5Rest1.cnt,G001,16,2,linear,0.9523,4.497,21.322,46
G001Day5Rest1.cnt,G001,16,2,spline,0.5783,68.733,-2.364,46
G001Day5Rest1.cnt,G001,24,1,nearest,0.147,84.089,-1.33,38
G001Day5Rest1.cnt,G001,24,1,linear,0.9537,4.777,23.582,38
G001Day5Rest1.cnt,G001,24,1,spline,0.3237,90.832,-2.0,38
G001Day5Rest1.cnt,G001,24,2,nearest,-0.1583,97.774,-1.303,38
G001Day5Rest1.cnt,G001,24,2,linear,0.9475,5.868,23.132,38
G001Day5Rest1.cnt,G001,24,2,spline,0.4792,79.808,0.461,38
G001Day5Rest1.cnt,G001,32,1,nearest,-0.1262,95.227,-1.149,30
G001Day5Rest1.cnt,G001,32,1,linear,0.9615,6.051,22.79,30
G001Day5Rest1.cnt,G001,32,1,spline,-0.6341,246.053,-9.394,30
G001Day5Rest1.cnt,G001,32,2,nearest,0.1134,74.062,-0.886,30
G001Day5Rest1.cnt,G001,32,2,linear,0.9586,4.995,22.536,30
G001Day5Rest1.cnt,G001,32,2,spline,0.3986,75.236,-1.022,30
G001Day5Rest1.cnt,G001,40,1,nearest,0.4413,59.72,1.603,22
G001Day5Rest1.cnt,G001,40,1,linear,0.9611,4.97,23.198,22
G001Day5Rest1.cnt,G001,40,1,spline,0.0075,118.581,-4.355,22
G001Day5Rest1.cnt,G001,40,2,nearest,0.5302,63.804,0.723,22
G001Day5Rest1.cnt,G001,40,2,linear,0.9662,5.089,22.688,22
G001Day5Rest1.cnt,G001,40,2,spline,0.4506,86.304,-1.901,22
G001Day5Rest1.cnt,G001,48,1,nearest,-0.0231,95.119,-1.736,14
G001Day5Rest1.cnt,G001,48,1,linear,0.947,6.494,21.58,14
G001Day5Rest1.cnt,G001,48,1,spline,0.4251,156.759,-6.075,14
G001Day5Rest1.cnt,G001,48,2,nearest,0.2616,99.331,-1.996,14
G001Day5Rest1.cnt,G001,48,2,linear,0.9334,5.471,23.185,14
G001Day5Rest1.cnt,G001,48,2,spline,-0.1717,143.211,-5.173,14
G001Day5Rest2.cnt,G001,8,1,nearest,0.1385,113.286,-4.083,54
G001Day5Rest2.cnt,G001,8,1,linear,0.6854,4.914,23.171,54
G001Day5Rest2.cnt,G001,8,1,spline,0.4199,99.929,-2.993,54
G001Day5Rest2.cnt,G001,8,2,nearest,0.081,108.751,-3.51,54
G001Day5Rest2.cnt,G001,8,2,linear,0.7909,5.302,22.731,54
G001Day5Rest2.cnt,G001,8,2,spline,-0.0322,84.834,-1.353,54
G001Day5Rest2.cnt,G001,16,1,nearest,0.1786,138.609,0.305,46
G001Day5Rest2.cnt,G001,16,1,linear,0.844,6.099,27.436,46
G001Day5Rest2.cnt,G001,16,1,spline,0.3241,145.628,-0.124,46
G001Day5Rest2.cnt,G001,16,2,nearest,-0.0883,208.434,-4.625,46
G001Day5Rest2.cnt,G001,16,2,linear,0.7895,5.513,26.927,46
G001Day5Rest2.cnt,G001,16,2,spline,0.477,163.174,-2.498,46
G001Day5Rest2.cnt,G001,24,1,nearest,0.0635,168.465,-3.326,38
G001Day5Rest2.cnt,G001,24,1,linear,0.8379,7.378,23.845,38
G001Day5Rest2.cnt,G001,24,1,spline,0.233,182.868,-4.039,38
G001Day5Rest2.cnt,G001,24,2,nearest,0.1062,202.008,-3.591,38
G001Day5Rest2.cnt,G001,24,2,linear,0.8927,7.023,25.585,38
G001Day5Rest2.cnt,G001,24,2,spline,-0.1012,319.32,-7.568,38
G001Day5Rest2.cnt,G001,32,1,nearest,0.0699,169.363,-2.065,30
G001Day5Rest2.cnt,G001,32,1,linear,0.8816,5.407,27.853,30
G001Day5Rest2.cnt,G001,32,1,spline,0.2883,165.838,-1.882,30
G001Day5Rest2.cnt,G001,32,2,nearest,0.0694,165.694,-2.197,30
G001Day5Rest2.cnt,G001,32,2,linear,0.8536,6.551,25.863,30
G001Day5Rest2.cnt,G001,32,2,spline,0.2016,749.201,-15.303,30
G001Day5Rest2.cnt,G001,40,1,nearest,0.0899,192.564,-3.323,22
G001Day5Rest2.cnt,G001,40,1,linear,0.8868,6.256,26.443,22
G001Day5Rest2.cnt,G001,40,1,spline,0.1928,300.562,-7.19,22
G001Day5Rest2.cnt,G001,40,2,nearest,0.1307,159.318,-2.353,22
G001Day5Rest2.cnt,G001,40,2,linear,0.798,6.544,25.375,22
G001Day5Rest2.cnt,G001,40,2,spline,-0.1148,215.888,-4.992,22
G001Day5Rest2.cnt,G001,48,1,nearest,0.289,145.929,-0.767,14
G001Day5Rest2.cnt,G001,48,1,linear,0.8952,6.499,26.259,14
G001Day5Rest2.cnt,G001,48,1,spline,0.0342,277.822,-6.359,14
G001Day5Rest2.cnt,G001,48,2,nearest,0.1193,158.108,-1.419,14
G001Day5Rest2.cnt,G001,48,2,linear,0.9136,6.353,26.5,14
G001Day5Rest2.cnt,G001,48,2,spline,-0.4052,531.203,-11.945,14
