recording,subject,n_drop,pattern,trial,method,temporal_r,rmse_uv,sdr_db
G001Day1Rest1.cnt,G001,2,scattered,1,nearest,0.9969,61.463,-3.354
G001Day1Rest1.cnt,G001,2,scattered,1,linear,0.9962,3.005,22.862
G001Day1Rest1.cnt,G001,2,scattered,1,spline,0.9967,13.809,9.615
G001Day1Rest1.cnt,G001,2,scattered,2,nearest,-0.0246,85.68,-3.66
G001Day1Rest1.cnt,G001,2,scattered,2,linear,0.9917,3.505,24.105
G001Day1Rest1.cnt,G001,2,scattered,2,spline,-0.5257,66.655,-1.479
G001Day1Rest1.cnt,G001,2,contiguous,1,nearest,0.959,21.472,4.539
G001Day1Rest1.cnt,G001,2,contiguous,1,linear,0.9584,4.27,18.569
G001Day1Rest1.cnt,G001,2,contiguous,1,spline,0.9602,35.295,0.223
G001Day1Rest1.cnt,G001,2,contiguous,2,nearest,0.3967,94.533,-12.766
G001Day1Rest1.cnt,G001,2,contiguous,2,linear,0.6903,4.138,14.41
G001Day1Rest1.cnt,G001,2,contiguous,2,spline,0.4091,77.411,-11.03
G001Day1Rest1.cnt,G001,8,scattered,1,nearest,-0.393,103.638,-3.496
G001Day1Rest1.cnt,G001,8,scattered,1,linear,0.9856,4.709,23.355
G001Day1Rest1.cnt,G001,8,scattered,1,spline,-0.4735,96.375,-2.865
G001Day1Rest1.cnt,G001,8,scattered,2,nearest,0.495,82.054,-1.665
G001Day1Rest1.cnt,G001,8,scattered,2,linear,0.9891,3.204,26.504
G001Day1Rest1.cnt,G001,8,scattered,2,spline,-0.1249,72.869,-0.634
G001Day1Rest1.cnt,G001,8,contiguous,1,nearest,0.431,67.457,-0.535
G001Day1Rest1.cnt,G001,8,contiguous,1,linear,0.9886,3.666,24.762
G001Day1Rest1.cnt,G001,8,contiguous,1,spline,0.5093,52.102,1.709
G001Day1Rest1.cnt,G001,8,contiguous,2,nearest,0.1979,74.672,-5.714
G001Day1Rest1.cnt,G001,8,contiguous,2,linear,0.9234,4.32,19.039
G001Day1Rest1.cnt,G001,8,contiguous,2,spline,0.0946,47.479,-1.781
G001Day1Rest1.cnt,G001,16,scattered,1,nearest,0.1501,73.981,-3.17
G001Day1Rest1.cnt,G001,16,scattered,1,linear,0.9171,4.254,21.636
G001Day1Rest1.cnt,G001,16,scattered,1,spline,-0.2366,73.132,-3.069
G001Day1Rest1.cnt,G001,16,scattered,2,nearest,0.4737,55.244,-1.94
G001Day1Rest1.cnt,G001,16,scattered,2,linear,0.9196,3.791,21.329
G001Day1Rest1.cnt,G001,16,scattered,2,spline,0.0217,67.435,-3.672
G001Day1Rest1.cnt,G001,16,contiguous,1,nearest,0.0177,84.659,-2.745
G001Day1Rest1.cnt,G001,16,contiguous,1,linear,0.9238,5.459,21.066
G001Day1Rest1.cnt,G001,16,contiguous,1,spline,0.5875,174.309,-9.018
G001Day1Rest1.cnt,G001,16,contiguous,2,nearest,0.1146,91.642,-2.736
G001Day1Rest1.cnt,G001,16,contiguous,2,linear,0.9874,3.626,25.318
G001Day1Rest1.cnt,G001,16,contiguous,2,spline,0.0086,73.005,-0.761
G001Day1Rest2.cnt,G001,2,scattered,1,nearest,0.2108,72.567,-15.72
G001Day1Rest2.cnt,G001,2,scattered,1,linear,0.6835,3.573,10.435
G001Day1Rest2.cnt,G001,2,scattered,1,spline,0.0712,47.384,-12.018
G001Day1Rest2.cnt,G001,2,scattered,2,nearest,0.02,72.533,-0.65
G001Day1Rest2.cnt,G001,2,scattered,2,linear,0.9974,2.278,29.409
G001Day1Rest2.cnt,G001,2,scattered,2,spline,0.0346,65.878,0.186
G001Day1Rest2.cnt,G001,2,contiguous,1,nearest,0.2294,56.197,-8.368
G001Day1Rest2.cnt,G001,2,contiguous,1,linear,0.921,3.264,16.352
G001Day1Rest2.cnt,G001,2,contiguous,1,spline,0.9463,46.17,-6.661
G001Day1Rest2.cnt,G001,2,contiguous,2,nearest,0.9204,51.814,-6.967
G001Day1Rest2.cnt,G001,2,contiguous,2,linear,0.9145,3.114,17.456
G001Day1Rest2.cnt,G001,2,contiguous,2,spline,0.9098,67.782,-9.3
G001Day1Rest2.cnt,G001,8,scattered,1,nearest,0.6391,54.544,1.806
G001Day1Rest2.cnt,G001,8,scattered,1,linear,0.9866,4.117,24.249
G001Day1Rest2.cnt,G001,8,scattered,1,spline,-0.0661,77.983,-1.299
G001Day1Rest2.cnt,G001,8,scattered,2,nearest,0.4089,76.741,-6.327
G001Day1Rest2.cnt,G001,8,scattered,2,linear,0.8823,4.186,18.937
G001Day1Rest2.cnt,G001,8,scattered,2,spline,0.2865,38.47,-0.329
G001Day1Rest2.cnt,G001,8,contiguous,1,nearest,0.3545,84.039,-2.467
G001Day1Rest2.cnt,G001,8,contiguous,1,linear,0.9041,4.557,22.849
G001Day1Rest2.cnt,G001,8,contiguous,1,spline,0.4644,59.226,0.573
G001Day1Rest2.cnt,G001,8,contiguous,2,nearest,0.2848,69.897,-2.731
G001Day1Rest2.cnt,G001,8,contiguous,2,linear,0.9024,5.608,19.183
G001Day1Rest2.cnt,G001,8,contiguous,2,spline,0.1493,46.813,0.751
G001Day1Rest2.cnt,G001,16,scattered,1,nearest,-0.0918,91.518,-3.622
G001Day1Rest2.cnt,G001,16,scattered,1,linear,0.9568,3.855,23.888
G001Day1Rest2.cnt,G001,16,scattered,1,spline,0.1212,64.943,-0.642
G001Day1Rest2.cnt,G001,16,scattered,2,nearest,0.2716,67.592,-3.204
G001Day1Rest2.cnt,G001,16,scattered,2,linear,0.8486,4.491,20.347
G001Day1Rest2.cnt,G001,16,scattered,2,spline,-0.1264,74.696,-4.072
G001Day1Rest2.cnt,G001,16,contiguous,1,nearest,0.4988,79.862,-1.358
G001Day1Rest2.cnt,G001,16,contiguous,1,linear,0.8876,3.967,24.718
G001Day1Rest2.cnt,G001,16,contiguous,1,spline,0.221,90.14,-2.41
G001Day1Rest2.cnt,G001,16,contiguous,2,nearest,-0.2944,94.39,-2.299
G001Day1Rest2.cnt,G001,16,contiguous,2,linear,0.9736,3.765,25.685
G001Day1Rest2.cnt,G001,16,contiguous,2,spline,-0.0327,99.212,-2.732
G001Day2Rest1.cnt,G001,2,scattered,1,nearest,-0.9966,309.876,-9.073
G001Day2Rest1.cnt,G001,2,scattered,1,linear,0.9994,3.644,29.52
G001Day2Rest1.cnt,G001,2,scattered,1,spline,0.9993,55.234,5.906
G001Day2Rest1.cnt,G001,2,scattered,2,nearest,-0.0836,312.254,-7.313
G001Day2Rest1.cnt,G001,2,scattered,2,linear,0.9374,5.047,28.516
G001Day2Rest1.cnt,G001,2,scattered,2,spline,-0.08,228.401,-4.597
G001Day2Rest1.cnt,G001,2,contiguous,1,nearest,0.9993,93.758,1.514
G001Day2Rest1.cnt,G001,2,contiguous,1,linear,0.9989,6.059,25.305
G001Day2Rest1.cnt,G001,2,contiguous,1,spline,0.0012,265.574,-7.53
G001Day2Rest1.cnt,G001,2,contiguous,2,nearest,0.0001,640.375,-4.239
G001Day2Rest1.cnt,G001,2,contiguous,2,linear,0.9999,4.395,39.03
G001Day2Rest1.cnt,G001,2,contiguous,2,spline,0.0001,523.4,-2.487
G001Day2Rest1.cnt,G001,8,scattered,1,nearest,0.4828,296.859,-2.628
G001Day2Rest1.cnt,G001,8,scattered,1,linear,0.9805,6.529,30.526
G001Day2Rest1.cnt,G001,8,scattered,1,spline,0.728,207.922,0.465
G001Day2Rest1.cnt,G001,8,scattered,2,nearest,0.2496,322.374,-1.388
G001Day2Rest1.cnt,G001,8,scattered,2,linear,0.9996,5.283,34.322
G001Day2Rest1.cnt,G001,8,scattered,2,spline,0.0116,275.623,-0.027
G001Day2Rest1.cnt,G001,8,contiguous,1,nearest,0.7429,223.292,0.288
G001Day2Rest1.cnt,G001,8,contiguous,1,linear,0.9962,4.734,33.761
G001Day2Rest1.cnt,G001,8,contiguous,1,spline,0.465,198.526,1.309
G001Day2Rest1.cnt,G001,8,contiguous,2,nearest,0.2291,338.929,-2.375
G001Day2Rest1.cnt,G001,8,contiguous,2,linear,0.9792,6.721,31.679
G001Day2Rest1.cnt,G001,8,contiguous,2,spline,-0.3013,391.891,-3.636
G001Day2Rest1.cnt,G001,16,scattered,1,nearest,-0.0439,370.98,-3.06
G001Day2Rest1.cnt,G001,16,scattered,1,linear,0.99,5.594,33.372
G001Day2Rest1.cnt,G001,16,scattered,1,spline,0.1313,271.721,-0.355
G001Day2Rest1.cnt,G001,16,scattered,2,nearest,0.0896,378.062,-2.867
G001Day2Rest1.cnt,G001,16,scattered,2,linear,0.9536,6.948,31.847
G001Day2Rest1.cnt,G001,16,scattered,2,spline,-0.2836,330.102,-1.689
G001Day2Rest1.cnt,G001,16,contiguous,1,nearest,-0.1661,277.228,-2.727
G001Day2Rest1.cnt,G001,16,contiguous,1,linear,0.9985,6.632,29.698
G001Day2Rest1.cnt,G001,16,contiguous,1,spline,-0.3671,355.536,-4.888
G001Day2Rest1.cnt,G001,16,contiguous,2,nearest,-0.2015,351.63,-3.131
G001Day2Rest1.cnt,G001,16,contiguous,2,linear,0.9972,6.195,31.95
G001Day2Rest1.cnt,G001,16,contiguous,2,spline,0.2616,340.168,-2.844
G001Day2Rest2.cnt,G001,2,scattered,1,nearest,0.998,41.288,4.424
G001Day2Rest2.cnt,G001,2,scattered,1,linear,0.9994,2.017,30.644
G001Day2Rest2.cnt,G001,2,scattered,1,spline,0.9994,29.331,7.394
G001Day2Rest2.cnt,G001,2,scattered,2,nearest,0.9915,53.904,-7.178
G001Day2Rest2.cnt,G001,2,scattered,2,linear,0.9911,2.368,19.969
G001Day2Rest2.cnt,G001,2,scattered,2,spline,-0.3513,29.73,-2.009
G001Day2Rest2.cnt,G001,2,contiguous,1,nearest,-0.9,88.112,-5.198
G001Day2Rest2.cnt,G001,2,contiguous,1,linear,0.9778,7.998,15.643
G001Day2Rest2.cnt,G001,2,contiguous,1,spline,-0.5761,63.531,-2.357
G001Day2Rest2.cnt,G001,2,contiguous,2,nearest,0.9991,19.1,7.221
G001Day2Rest2.cnt,G001,2,contiguous,2,linear,0.9986,2.012,26.771
G001Day2Rest2.cnt,G001,2,contiguous,2,spline,0.9997,12.064,11.212
G001Day2Rest2.cnt,G001,8,scattered,1,nearest,0.8967,44.212,3.648
G001Day2Rest2.cnt,G001,8,scattered,1,linear,0.9959,2.814,27.573
G001Day2Rest2.cnt,G001,8,scattered,1,spline,0.1851,63.991,0.436
G001Day2Rest2.cnt,G001,8,scattered,2,nearest,0.5935,60.032,-1.087
G001Day2Rest2.cnt,G001,8,scattered,2,linear,0.9949,3.61,23.33
G001Day2Rest2.cnt,G001,8,scattered,2,spline,0.5016,46.86,1.065
G001Day2Rest2.cnt,G001,8,contiguous,1,nearest,0.4961,65.961,0.075
G001Day2Rest2.cnt,G001,8,contiguous,1,linear,0.9908,2.854,27.351
G001Day2Rest2.cnt,G001,8,contiguous,1,spline,-0.601,87.631,-2.392
G001Day2Rest2.cnt,G001,8,contiguous,2,nearest,0.5222,41.581,3.097
G001Day2Rest2.cnt,G001,8,contiguous,2,linear,0.9961,2.798,26.538
G001Day2Rest2.cnt,G001,8,contiguous,2,spline,0.9916,29.402,6.107
G001Day2Rest2.cnt,G001,16,scattered,1,nearest,-0.0881,97.349,-3.14
G001Day2Rest2.cnt,G001,16,scattered,1,linear,0.9841,5.551,21.74
G001Day2Rest2.cnt,G001,16,scattered,1,spline,0.0084,95.195,-2.945
G001Day2Rest2.cnt,G001,16,scattered,2,nearest,-0.28,82.301,-2.672
G001Day2Rest2.cnt,G001,16,scattered,2,linear,0.988,4.263,23.042
G001Day2Rest2.cnt,G001,16,scattered,2,spline,0.0349,63.056,-0.358
G001Day2Rest2.cnt,G001,16,contiguous,1,nearest,0.3453,75.962,-1.85
G001Day2Rest2.cnt,G001,16,contiguous,1,linear,0.9751,3.477,24.939
G001Day2Rest2.cnt,G001,16,contiguous,1,spline,0.4019,63.412,-0.281
G001Day2Rest2.cnt,G001,16,contiguous,2,nearest,0.3934,89.54,-3.857
G001Day2Rest2.cnt,G001,16,contiguous,2,linear,0.9723,6.205,19.329
G001Day2Rest2.cnt,G001,16,contiguous,2,spline,0.2132,88.612,-3.767
G001Day3Rest1.cnt,G001,2,scattered,1,nearest,0.0,173.149,-1.912
G001Day3Rest1.cnt,G001,2,scattered,1,linear,0.9999,2.304,35.607
G001Day3Rest1.cnt,G001,2,scattered,1,spline,0.0136,125.404,0.89
G001Day3Rest1.cnt,G001,2,scattered,2,nearest,-0.0034,180.756,-6.259
G001Day3Rest1.cnt,G001,2,scattered,2,linear,0.9968,5.839,23.555
G001Day3Rest1.cnt,G001,2,scattered,2,spline,-0.9913,168.221,-5.635
G001Day3Rest1.cnt,G001,2,contiguous,1,nearest,0.9791,39.239,5.121
G001Day3Rest1.cnt,G001,2,contiguous,1,linear,0.9974,3.848,25.291
G001Day3Rest1.cnt,G001,2,contiguous,1,spline,0.9986,33.415,6.517
G001Day3Rest1.cnt,G001,2,contiguous,2,nearest,0.0421,79.445,1.176
G001Day3Rest1.cnt,G001,2,contiguous,2,linear,0.9992,3.509,28.272
G001Day3Rest1.cnt,G001,2,contiguous,2,spline,0.9981,46.174,5.889
G001Day3Rest1.cnt,G001,8,scattered,1,nearest,0.3233,88.461,-0.158
G001Day3Rest1.cnt,G001,8,scattered,1,linear,0.9955,4.254,26.202
G001Day3Rest1.cnt,G001,8,scattered,1,spline,0.1342,92.133,-0.511
G001Day3Rest1.cnt,G001,8,scattered,2,nearest,0.2439,108.17,1.2
G001Day3Rest1.cnt,G001,8,scattered,2,linear,0.9949,5.517,27.048
G001Day3Rest1.cnt,G001,8,scattered,2,spline,0.5159,106.0,1.376
G001Day3Rest1.cnt,G001,8,contiguous,1,nearest,0.8416,69.138,5.731
G001Day3Rest1.cnt,G001,8,contiguous,1,linear,0.9708,6.944,25.693
G001Day3Rest1.cnt,G001,8,contiguous,1,spline,0.7819,76.064,4.902
G001Day3Rest1.cnt,G001,8,contiguous,2,nearest,0.7489,71.701,3.791
G001Day3Rest1.cnt,G001,8,contiguous,2,linear,0.9929,4.315,28.2
G001Day3Rest1.cnt,G001,8,contiguous,2,spline,0.7498,81.105,2.72
G001Day3Rest1.cnt,G001,16,scattered,1,nearest,0.1208,115.021,-6.233
G001Day3Rest1.cnt,G001,16,scattered,1,linear,0.9745,4.37,22.174
G001Day3Rest1.cnt,G001,16,scattered,1,spline,0.1255,92.519,-4.342
G001Day3Rest1.cnt,G001,16,scattered,2,nearest,0.5879,97.029,0.343
G001Day3Rest1.cnt,G001,16,scattered,2,linear,0.9646,4.417,27.179
G001Day3Rest1.cnt,G001,16,scattered,2,spline,0.4282,92.818,0.729
G001Day3Rest1.cnt,G001,16,contiguous,1,nearest,0.1336,121.115,-4.228
G001Day3Rest1.cnt,G001,16,contiguous,1,linear,0.9405,6.629,21.008
G001Day3Rest1.cnt,G001,16,contiguous,1,spline,0.4972,188.948,-8.09
G001Day3Rest1.cnt,G001,16,contiguous,2,nearest,0.1433,111.994,-0.702
G001Day3Rest1.cnt,G001,16,contiguous,2,linear,0.9895,4.715,26.813
G001Day3Rest1.cnt,G001,16,contiguous,2,spline,-0.0937,110.564,-0.59
G001Day3Rest2.cnt,G001,2,scattered,1,nearest,-0.9916,247.887,-4.303
G001Day3Rest2.cnt,G001,2,scattered,1,linear,0.9942,3.613,32.424
G001Day3Rest2.cnt,G001,2,scattered,1,spline,0.0068,148.825,0.129
G001Day3Rest2.cnt,G001,2,scattered,2,nearest,0.9963,42.791,9.598
G001Day3Rest2.cnt,G001,2,scattered,2,linear,0.9982,3.408,31.576
G001Day3Rest2.cnt,G001,2,scattered,2,spline,0.9979,73.085,4.949
G001Day3Rest2.cnt,G001,2,contiguous,1,nearest,0.0509,146.088,0.801
G001Day3Rest2.cnt,G001,2,contiguous,1,linear,0.9997,2.255,37.031
G001Day3Rest2.cnt,G001,2,contiguous,1,spline,0.9903,110.631,3.216
G001Day3Rest2.cnt,G001,2,contiguous,2,nearest,0.0509,146.088,0.801
G001Day3Rest2.cnt,G001,2,contiguous,2,linear,0.9997,2.255,37.031
G001Day3Rest2.cnt,G001,2,contiguous,2,spline,0.9903,110.631,3.216
G001Day3Rest2.cnt,G001,8,scattered,1,nearest,0.4988,155.331,-2.459
G001Day3Rest2.cnt,G001,8,scattered,1,linear,0.9981,3.272,31.07
G001Day3Rest2.cnt,G001,8,scattered,1,spline,0.28,116.31,0.054
G001Day3Rest2.cnt,G001,8,scattered,2,nearest,0.4974,180.358,-0.33
G001Day3Rest2.cnt,G001,8,scattered,2,linear,0.9971,6.145,29.023
G001Day3Rest2.cnt,G001,8,scattered,2,spline,0.7748,84.822,6.223
G001Day3Rest2.cnt,G001,8,contiguous,1,nearest,0.0045,178.92,-3.861
G001Day3Rest2.cnt,G001,8,contiguous,1,linear,0.993,4.087,28.965
G001Day3Rest2.cnt,G001,8,contiguous,1,spline,0.0185,150.734,-2.372
G001Day3Rest2.cnt,G001,8,contiguous,2,nearest,0.0161,151.304,-3.008
G001Day3Rest2.cnt,G001,8,contiguous,2,linear,0.9821,4.692,27.163
G001Day3Rest2.cnt,G001,8,contiguous,2,spline,-0.2455,117.257,-0.794
G001Day3Rest2.cnt,G001,16,scattered,1,nearest,0.6216,124.451,2.805
G001Day3Rest2.cnt,G001,16,scattered,1,linear,0.9938,5.046,30.646
G001Day3Rest2.cnt,G001,16,scattered,1,spline,0.4104,108.082,4.029
G001Day3Rest2.cnt,G001,16,scattered,2,nearest,0.2479,164.118,-0.917
G001Day3Rest2.cnt,G001,16,scattered,2,linear,0.9947,5.094,29.244
G001Day3Rest2.cnt,G001,16,scattered,2,spline,0.0457,156.878,-0.526
G001Day3Rest2.cnt,G001,16,contiguous,1,nearest,0.1366,202.278,-0.423
G001Day3Rest2.cnt,G001,16,contiguous,1,linear,0.9984,3.744,34.229
G001Day3Rest2.cnt,G001,16,contiguous,1,spline,0.8694,126.24,3.672
G001Day3Rest2.cnt,G001,16,contiguous,2,nearest,0.0129,160.153,-3.166
G001Day3Rest2.cnt,G001,16,contiguous,2,linear,0.9885,4.585,27.698
G001Day3Rest2.cnt,G001,16,contiguous,2,spline,-0.1247,249.801,-7.027
G001Day4Rest1.cnt,G001,2,scattered,1,nearest,-0.0479,295.889,-7.051
G001Day4Rest1.cnt,G001,2,scattered,1,linear,0.9654,3.236,32.172
G001Day4Rest1.cnt,G001,2,scattered,1,spline,0.0091,143.925,-0.791
G001Day4Rest1.cnt,G001,2,scattered,2,nearest,0.8167,267.056,-9.011
G001Day4Rest1.cnt,G001,2,scattered,2,linear,0.9994,2.834,30.472
G001Day4Rest1.cnt,G001,2,scattered,2,spline,0.8842,79.714,1.49
G001Day4Rest1.cnt,G001,2,contiguous,1,nearest,0.9944,109.253,4.044
G001Day4Rest1.cnt,G001,2,contiguous,1,linear,0.9991,5.66,29.756
G001Day4Rest1.cnt,G001,2,contiguous,1,spline,0.9851,141.861,1.775
G001Day4Rest1.cnt,G001,2,contiguous,2,nearest,0.0313,89.305,-7.902
G001Day4Rest1.cnt,G001,2,contiguous,2,linear,0.9948,4.04,18.988
G001Day4Rest1.cnt,G001,2,contiguous,2,spline,0.0051,128.122,-11.037
G001Day4Rest1.cnt,G001,8,scattered,1,nearest,0.5234,105.061,-4.148
G001Day4Rest1.cnt,G001,8,scattered,1,linear,0.9693,4.422,23.369
G001Day4Rest1.cnt,G001,8,scattered,1,spline,0.5002,90.999,-2.9
G001Day4Rest1.cnt,G001,8,scattered,2,nearest,0.6872,169.106,-3.371
G001Day4Rest1.cnt,G001,8,scattered,2,linear,0.969,4.174,28.781
G001Day4Rest1.cnt,G001,8,scattered,2,spline,0.4305,112.922,0.137
G001Day4Rest1.cnt,G001,8,contiguous,1,nearest,-0.3265,97.073,-0.739
G001Day4Rest1.cnt,G001,8,contiguous,1,linear,0.9967,3.788,27.434
G001Day4Rest1.cnt,G001,8,contiguous,1,spline,0.7549,102.176,-1.184
G001Day4Rest1.cnt,G001,8,contiguous,2,nearest,0.3073,119.076,-1.248
G001Day4Rest1.cnt,G001,8,contiguous,2,linear,0.9767,4.865,26.527
G001Day4Rest1.cnt,G001,8,contiguous,2,spline,0.5356,115.494,-0.983
G001Day4Rest1.cnt,G001,16,scattered,1,nearest,0.1209,92.329,-2.674
G001Day4Rest1.cnt,G001,16,scattered,1,linear,0.9803,3.712,25.239
G001Day4Rest1.cnt,G001,16,scattered,1,spline,0.3027,73.431,-0.685
G001Day4Rest1.cnt,G001,16,scattered,2,nearest,0.6201,160.621,-0.716
G001Day4Rest1.cnt,G001,16,scattered,2,linear,0.9394,93.439,3.99
G001Day4Rest1.cnt,G001,16,scattered,2,spline,0.2966,147.075,0.05
G001Day4Rest1.cnt,G001,16,contiguous,1,nearest,0.1701,140.122,-1.254
G001Day4Rest1.cnt,G001,16,contiguous,1,linear,0.9313,93.454,2.264
G001Day4Rest1.cnt,G001,16,contiguous,1,spline,0.1729,131.622,-0.71
G001Day4Rest1.cnt,G001,16,contiguous,2,nearest,0.389,139.584,-4.981
G001Day4Rest1.cnt,G001,16,contiguous,2,linear,0.979,4.652,24.563
G001Day4Rest1.cnt,G001,16,contiguous,2,spline,0.5263,213.043,-8.653
G001Day4Rest2.cnt,G001,2,scattered,1,nearest,0.0188,86.069,0.515
G001Day4Rest2.cnt,G001,2,scattered,1,linear,0.9985,3.406,28.566
G001Day4Rest2.cnt,G001,2,scattered,1,spline,0.0832,48.916,5.423
G001Day4Rest2.cnt,G001,2,scattered,2,nearest,0.0346,158.475,0.822
G001Day4Rest2.cnt,G001,2,scattered,2,linear,0.996,3.774,33.286
G001Day4Rest2.cnt,G001,2,scattered,2,spline,0.9891,156.226,0.946
G001Day4Rest2.cnt,G001,2,contiguous,1,nearest,0.7278,53.119,6.068
G001Day4Rest2.cnt,G001,2,contiguous,1,linear,0.7619,5.929,25.113
G001Day4Rest2.cnt,G001,2,contiguous,1,spline,0.3155,55.667,5.661
G001Day4Rest2.cnt,G001,2,contiguous,2,nearest,0.0081,246.337,-0.362
G001Day4Rest2.cnt,G001,2,contiguous,2,linear,0.9999,2.169,40.742
G001Day4Rest2.cnt,G001,2,contiguous,2,spline,-0.1972,248.211,-0.428
G001Day4Rest2.cnt,G001,8,scattered,1,nearest,0.2027,189.395,-5.182
G001Day4Rest2.cnt,G001,8,scattered,1,linear,0.9442,4.977,26.427
G001Day4Rest2.cnt,G001,8,scattered,1,spline,0.567,113.984,-0.771
G001Day4Rest2.cnt,G001,8,scattered,2,nearest,0.7984,174.449,-4.081
G001Day4Rest2.cnt,G001,8,scattered,2,linear,0.9899,5.895,25.342
G001Day4Rest2.cnt,G001,8,scattered,2,spline,0.0138,125.893,-1.248
G001Day4Rest2.cnt,G001,8,contiguous,1,nearest,0.2505,135.295,-1.194
G001Day4Rest2.cnt,G001,8,contiguous,1,linear,0.9897,6.54,25.12
G001Day4Rest2.cnt,G001,8,contiguous,1,spline,0.6821,108.37,0.733
G001Day4Rest2.cnt,G001,8,contiguous,2,nearest,0.4709,237.457,-4.943
G001Day4Rest2.cnt,G001,8,contiguous,2,linear,0.9985,4.588,29.337
G001Day4Rest2.cnt,G001,8,contiguous,2,spline,-0.471,202.729,-3.57
G001Day4Rest2.cnt,G001,16,scattered,1,nearest,0.0363,158.853,-1.026
G001Day4Rest2.cnt,G001,16,scattered,1,linear,0.9858,7.906,25.035
G001Day4Rest2.cnt,G001,16,scattered,1,spline,0.4004,121.525,1.301
G001Day4Rest2.cnt,G001,16,scattered,2,nearest,0.2672,173.42,-5.494
G001Day4Rest2.cnt,G001,16,scattered,2,linear,0.9892,6.638,22.847
G001Day4Rest2.cnt,G001,16,scattered,2,spline,0.5143,107.732,-1.358
G001Day4Rest2.cnt,G001,16,contiguous,1,nearest,0.3768,193.053,-2.413
G001Day4Rest2.cnt,G001,16,contiguous,1,linear,0.9826,103.908,2.967
G001Day4Rest2.cnt,G001,16,contiguous,1,spline,0.2553,227.133,-3.826
G001Day4Rest2.cnt,G001,16,contiguous,2,nearest,-0.1014,158.087,-3.293
G001Day4Rest2.cnt,G001,16,contiguous,2,linear,0.9916,6.628,24.258
G001Day4Rest2.cnt,G001,16,contiguous,2,spline,0.3844,191.092,-4.94
G001Day5Rest1.cnt,G001,2,scattered,1,nearest,-0.0132,122.382,-3.168
G001Day5Rest1.cnt,G001,2,scattered,1,linear,0.9985,4.04,26.459
G001Day5Rest1.cnt,G001,2,scattered,1,spline,0.0672,84.347,0.065
G001Day5Rest1.cnt,G001,2,scattered,2,nearest,0.0744,52.063,-2.065
G001Day5Rest1.cnt,G001,2,scattered,2,linear,0.9479,6.613,15.858
G001Day5Rest1.cnt,G001,2,scattered,2,spline,0.9633,18.451,6.946
G001Day5Rest1.cnt,G001,2,contiguous,1,nearest,-0.0319,73.838,-6.43
G001Day5Rest1.cnt,G001,2,contiguous,1,linear,0.9344,7.879,13.006
G001Day5Rest1.cnt,G001,2,contiguous,1,spline,0.0871,45.372,-2.2
G001Day5Rest1.cnt,G001,2,contiguous,2,nearest,0.0222,83.233,-1.949
G001Day5Rest1.cnt,G001,2,contiguous,2,linear,0.9986,2.511,28.459
G001Day5Rest1.cnt,G001,2,contiguous,2,spline,0.9984,39.103,4.613
G001Day5Rest1.cnt,G001,8,scattered,1,nearest,-0.1192,72.108,-1.036
G001Day5Rest1.cnt,G001,8,scattered,1,linear,0.9164,4.369,23.317
G001Day5Rest1.cnt,G001,8,scattered,1,spline,-0.0482,62.347,0.228
G001Day5Rest1.cnt,G001,8,scattered,2,nearest,-0.4579,97.711,-2.415
G001Day5Rest1.cnt,G001,8,scattered,2,linear,0.9789,4.415,24.484
G001Day5Rest1.cnt,G001,8,scattered,2,spline,-0.1944,85.723,-1.278
G001Day5Rest1.cnt,G001,8,contiguous,1,nearest,0.0501,56.252,0.922
G001Day5Rest1.cnt,G001,8,contiguous,1,linear,0.9965,3.868,24.175
G001Day5Rest1.cnt,G001,8,contiguous,1,spline,-0.1416,78.177,-1.937
G001Day5Rest1.cnt,G001,8,contiguous,2,nearest,0.4349,50.434,-0.246
G001Day5Rest1.cnt,G001,8,contiguous,2,linear,0.932,4.105,21.542
G001Day5Rest1.cnt,G001,8,contiguous,2,spline,-0.0152,52.342,-0.568
G001Day5Rest1.cnt,G001,16,scattered,1,nearest,0.2348,57.014,-1.081
G001Day5Rest1.cnt,G001,16,scattered,1,linear,0.9597,4.121,21.739
G001Day5Rest1.cnt,G001,16,scattered,1,spline,0.133,51.611,-0.216
G001Day5Rest1.cnt,G001,16,scattered,2,nearest,0.1634,81.449,-2.668
G001Day5Rest1.cnt,G001,16,scattered,2,linear,0.9913,4.769,21.981
G001Day5Rest1.cnt,G001,16,scattered,2,spline,0.3357,62.199,-0.326
G001Day5Rest1.cnt,G001,16,contiguous,1,nearest,0.2247,76.791,-1.645
G001Day5Rest1.cnt,G001,16,contiguous,1,linear,0.9834,3.997,24.027
G001Day5Rest1.cnt,G001,16,contiguous,1,spline,0.1267,66.721,-0.424
G001Day5Rest1.cnt,G001,16,contiguous,2,nearest,0.4451,59.591,-1.124
G001Day5Rest1.cnt,G001,16,contiguous,2,linear,0.9523,4.497,21.322
G001Day5Rest1.cnt,G001,16,contiguous,2,spline,0.5783,68.733,-2.364
G001Day5Rest2.cnt,G001,2,scattered,1,nearest,0.0029,338.474,-5.498
G001Day5Rest2.cnt,G001,2,scattered,1,linear,0.9903,8.587,26.416
G001Day5Rest2.cnt,G001,2,scattered,1,spline,0.0162,229.597,-2.127
G001Day5Rest2.cnt,G001,2,scattered,2,nearest,-0.0274,341.515,-8.617
G001Day5Rest2.cnt,G001,2,scattered,2,linear,0.9538,5.093,27.911
G001Day5Rest2.cnt,G001,2,scattered,2,spline,-0.0013,139.422,-0.835
G001Day5Rest2.cnt,G001,2,contiguous,1,nearest,0.6636,113.482,-3.29
G001Day5Rest2.cnt,G001,2,contiguous,1,linear,0.7457,6.161,22.016
G001Day5Rest2.cnt,G001,2,contiguous,1,spline,-0.2298,133.535,-4.703
G001Day5Rest2.cnt,G001,2,contiguous,2,nearest,0.9834,58.595,0.023
G001Day5Rest2.cnt,G001,2,contiguous,2,linear,0.978,4.452,22.409
G001Day5Rest2.cnt,G001,2,contiguous,2,spline,0.9777,262.221,-12.993
G001Day5Rest2.cnt,G001,8,scattered,1,nearest,0.072,171.356,-3.713
G001Day5Rest2.cnt,G001,8,scattered,1,linear,0.964,4.65,27.616
G001Day5Rest2.cnt,G001,8,scattered,1,spline,0.492,106.891,0.386
G001Day5Rest2.cnt,G001,8,scattered,2,nearest,0.191,106.529,0.933
G001Day5Rest2.cnt,G001,8,scattered,2,linear,0.9715,5.495,26.683
G001Day5Rest2.cnt,G001,8,scattered,2,spline,-0.1816,161.208,-2.665
G001Day5Rest2.cnt,G001,8,contiguous,1,nearest,0.1385,113.286,-4.083
G001Day5Rest2.cnt,G001,8,contiguous,1,linear,0.6854,4.914,23.171
G001Day5Rest2.cnt,G001,8,contiguous,1,spline,0.4199,99.929,-2.993
G001Day5Rest2.cnt,G001,8,contiguous,2,nearest,0.081,108.751,-3.51
G001Day5Rest2.cnt,G001,8,contiguous,2,linear,0.7909,5.302,22.731
G001Day5Rest2.cnt,G001,8,contiguous,2,spline,-0.0322,84.834,-1.353
G001Day5Rest2.cnt,G001,16,scattered,1,nearest,0.171,164.8,-1.328
G001Day5Rest2.cnt,G001,16,scattered,1,linear,0.8155,5.539,28.142
G001Day5Rest2.cnt,G001,16,scattered,1,spline,0.1065,160.829,-1.116
G001Day5Rest2.cnt,G001,16,scattered,2,nearest,-0.0464,212.438,-4.128
G001Day5Rest2.cnt,G001,16,scattered,2,linear,0.9439,6.377,26.323
G001Day5Rest2.cnt,G001,16,scattered,2,spline,0.2085,152.427,-1.245
G001Day5Rest2.cnt,G001,16,contiguous,1,nearest,0.1786,138.609,0.305
G001Day5Rest2.cnt,G001,16,contiguous,1,linear,0.844,6.099,27.436
G001Day5Rest2.cnt,G001,16,contiguous,1,spline,0.3241,145.628,-0.124
G001Day5Rest2.cnt,G001,16,contiguous,2,nearest,-0.0883,208.434,-4.625
G001Day5Rest2.cnt,G001,16,contiguous,2,linear,0.7895,5.513,26.927
G001Day5Rest2.cnt,G001,16,contiguous,2,spline,0.477,163.174,-2.498
G002Day1Rest1.cnt,G002,2,scattered,1,nearest,0.0016,212.479,-3.981
G002Day1Rest1.cnt,G002,2,scattered,1,linear,0.9975,6.34,26.523
G002Day1Rest1.cnt,G002,2,scattered,1,spline,-0.0613,197.678,-3.354
G002Day1Rest1.cnt,G002,2,scattered,2,nearest,-0.623,43.638,-3.279
G002Day1Rest1.cnt,G002,2,scattered,2,linear,0.9053,7.007,12.608
G002Day1Rest1.cnt,G002,2,scattered,2,spline,0.1056,63.792,-6.577
G002Day1Rest1.cnt,G002,2,contiguous,1,nearest,-0.8731,146.66,-7.557
G002Day1Rest1.cnt,G002,2,contiguous,1,linear,0.9637,13.243,13.33
G002Day1Rest1.cnt,G002,2,contiguous,1,spline,-0.9051,167.244,-8.698
G002Day1Rest1.cnt,G002,2,contiguous,2,nearest,0.9956,81.669,4.937
G002Day1Rest1.cnt,G002,2,contiguous,2,linear,0.9968,5.977,27.648
G002Day1Rest1.cnt,G002,2,contiguous,2,spline,0.9968,57.067,8.051
G002Day1Rest1.cnt,G002,8,scattered,1,nearest,0.1558,124.982,-1.085
G002Day1Rest1.cnt,G002,8,scattered,1,linear,0.9812,6.546,24.533
G002Day1Rest1.cnt,G002,8,scattered,1,spline,0.2788,102.939,0.6
G002Day1Rest1.cnt,G002,8,scattered,2,nearest,0.3821,97.648,-6.296
G002Day1Rest1.cnt,G002,8,scattered,2,linear,0.9234,5.424,18.81
G002Day1Rest1.cnt,G002,8,scattered,2,spline,0.3102,62.638,-2.44
G002Day1Rest1.cnt,G002,8,contiguous,1,nearest,0.475,113.742,-0.814
G002Day1Rest1.cnt,G002,8,contiguous,1,linear,0.9414,6.341,24.262
G002Day1Rest1.cnt,G002,8,contiguous,1,spline,-0.1267,123.183,-1.506
G002Day1Rest1.cnt,G002,8,contiguous,2,nearest,0.2319,97.756,-0.105
G002Day1Rest1.cnt,G002,8,contiguous,2,linear,0.9811,6.008,24.123
G002Day1Rest1.cnt,G002,8,contiguous,2,spline,0.5333,69.53,2.854
G002Day1Rest1.cnt,G002,16,scattered,1,nearest,0.2123,108.115,-2.345
G002Day1Rest1.cnt,G002,16,scattered,1,linear,0.9235,5.859,22.975
G002Day1Rest1.cnt,G002,16,scattered,1,spline,0.2279,82.642,-0.012
G002Day1Rest1.cnt,G002,16,scattered,2,nearest,0.2341,131.059,-3.208
G002Day1Rest1.cnt,G002,16,scattered,2,linear,0.9582,6.666,22.665
G002Day1Rest1.cnt,G002,16,scattered,2,spline,0.0399,95.117,-0.424
G002Day1Rest1.cnt,G002,16,contiguous,1,nearest,0.0256,154.085,-3.406
G002Day1Rest1.cnt,G002,16,contiguous,1,linear,0.9616,7.746,22.567
G002Day1Rest1.cnt,G002,16,contiguous,1,spline,-0.4917,192.677,-5.348
G002Day1Rest1.cnt,G002,16,contiguous,2,nearest,0.2951,144.011,-2.43
G002Day1Rest1.cnt,G002,16,contiguous,2,linear,0.9883,7.658,23.056
G002Day1Rest1.cnt,G002,16,contiguous,2,spline,0.3582,134.521,-1.838
G002Day1Rest2.cnt,G002,2,scattered,1,nearest,0.8025,4.298,4.194
G002Day1Rest2.cnt,G002,2,scattered,1,linear,0.9113,2.734,8.121
G002Day1Rest2.cnt,G002,2,scattered,1,spline,0.8946,3.368,6.311
G002Day1Rest2.cnt,G002,2,scattered,2,nearest,0.5353,6.887,-0.605
G002Day1Rest2.cnt,G002,2,scattered,2,linear,0.6691,4.507,3.078
G002Day1Rest2.cnt,G002,2,scattered,2,spline,0.5751,6.863,-0.574
G002Day1Rest2.cnt,G002,2,contiguous,1,nearest,0.734,3.732,2.834
G002Day1Rest2.cnt,G002,2,contiguous,1,linear,0.9874,0.804,16.166
G002Day1Rest2.cnt,G002,2,contiguous,1,spline,0.9711,1.382,11.463
G002Day1Rest2.cnt,G002,2,contiguous,2,nearest,0.8195,4.353,4.774
G002Day1Rest2.cnt,G002,2,contiguous,2,linear,0.9607,2.092,11.14
G002Day1Rest2.cnt,G002,2,contiguous,2,spline,0.9454,2.608,9.225
G002Day1Rest2.cnt,G002,8,scattered,1,nearest,0.8234,3.66,5.107
G002Day1Rest2.cnt,G002,8,scattered,1,linear,0.9648,1.672,11.912
G002Day1Rest2.cnt,G002,8,scattered,1,spline,0.9315,2.268,9.263
G002Day1Rest2.cnt,G002,8,scattered,2,nearest,0.8188,4.269,4.125
G002Day1Rest2.cnt,G002,8,scattered,2,linear,0.9425,2.32,9.421
G002Day1Rest2.cnt,G002,8,scattered,2,spline,0.905,2.908,7.46
G002Day1Rest2.cnt,G002,8,contiguous,1,nearest,0.791,3.8,3.446
G002Day1Rest2.cnt,G002,8,contiguous,1,linear,0.9543,1.734,10.261
G002Day1Rest2.cnt,G002,8,contiguous,1,spline,0.8842,3.486,4.196
G002Day1Rest2.cnt,G002,8,contiguous,2,nearest,0.5685,8.063,0.304
G002Day1Rest2.cnt,G002,8,contiguous,2,linear,0.7628,5.482,3.655
G002Day1Rest2.cnt,G002,8,contiguous,2,spline,0.6049,7.23,1.251
G002Day1Rest2.cnt,G002,16,scattered,1,nearest,0.7121,5.679,2.687
G002Day1Rest2.cnt,G002,16,scattered,1,linear,0.8647,3.782,6.218
G002Day1Rest2.cnt,G002,16,scattered,1,spline,0.7987,4.588,4.539
G002Day1Rest2.cnt,G002,16,scattered,2,nearest,0.7508,4.933,2.85
G002Day1Rest2.cnt,G002,16,scattered,2,linear,0.8862,3.443,5.973
G002Day1Rest2.cnt,G002,16,scattered,2,spline,0.8454,3.948,4.785
G002Day1Rest2.cnt,G002,16,contiguous,1,nearest,0.7444,5.421,3.029
G002Day1Rest2.cnt,G002,16,contiguous,1,linear,0.8939,3.5,6.829
G002Day1Rest2.cnt,G002,16,contiguous,1,spline,0.769,5.324,3.185
G002Day1Rest2.cnt,G002,16,contiguous,2,nearest,0.6674,6.71,0.411
G002Day1Rest2.cnt,G002,16,contiguous,2,linear,0.802,4.291,4.294
G002Day1Rest2.cnt,G002,16,contiguous,2,spline,0.7646,5.16,2.693
G002Day2Rest1.cnt,G002,2,scattered,1,nearest,-0.4301,57.047,-0.579
G002Day2Rest1.cnt,G002,2,scattered,1,linear,0.9834,4.748,21.016
G002Day2Rest1.cnt,G002,2,scattered,1,spline,0.9819,41.353,2.216
G002Day2Rest1.cnt,G002,2,scattered,2,nearest,-0.0065,80.604,-3.747
G002Day2Rest1.cnt,G002,2,scattered,2,linear,0.9536,4.823,20.714
G002Day2Rest1.cnt,G002,2,scattered,2,spline,0.579,38.828,2.597
G002Day2Rest1.cnt,G002,2,contiguous,1,nearest,0.1548,63.862,1.316
G002Day2Rest1.cnt,G002,2,contiguous,1,linear,0.9921,5.004,23.435
G002Day2Rest1.cnt,G002,2,contiguous,1,spline,0.8282,69.357,0.599
G002Day2Rest1.cnt,G002,2,contiguous,2,nearest,0.2638,21.857,4.876
G002Day2Rest1.cnt,G002,2,contiguous,2,linear,0.9661,4.725,18.18
G002Day2Rest1.cnt,G002,2,contiguous,2,spline,0.7777,32.259,1.495
G002Day2Rest1.cnt,G002,8,scattered,1,nearest,0.5024,62.585,-0.014
G002Day2Rest1.cnt,G002,8,scattered,1,linear,0.9882,4.39,23.066
G002Day2Rest1.cnt,G002,8,scattered,1,spline,0.6973,55.103,1.091
G002Day2Rest1.cnt,G002,8,scattered,2,nearest,0.3922,78.693,-3.861
G002Day2Rest1.cnt,G002,8,scattered,2,linear,0.9642,4.642,20.725
G002Day2Rest1.cnt,G002,8,scattered,2,spline,0.1278,55.897,-0.89
G002Day2Rest1.cnt,G002,8,contiguous,1,nearest,0.394,99.66,-3.514
G002Day2Rest1.cnt,G002,8,contiguous,1,linear,0.9793,6.528,20.161
G002Day2Rest1.cnt,G002,8,contiguous,1,spline,-0.4027,127.788,-5.673
G002Day2Rest1.cnt,G002,8,contiguous,2,nearest,0.1852,68.51,-0.708
G002Day2Rest1.cnt,G002,8,contiguous,2,linear,0.9922,4.853,22.286
G002Day2Rest1.cnt,G002,8,contiguous,2,spline,0.2166,60.534,0.367
G002Day2Rest1.cnt,G002,16,scattered,1,nearest,0.2143,76.984,-1.461
G002Day2Rest1.cnt,G002,16,scattered,1,linear,0.9921,4.935,22.401
G002Day2Rest1.cnt,G002,16,scattered,1,spline,0.4652,60.445,0.64
G002Day2Rest1.cnt,G002,16,scattered,2,nearest,0.0436,78.487,-3.052
G002Day2Rest1.cnt,G002,16,scattered,2,linear,0.9631,4.76,21.292
G002Day2Rest1.cnt,G002,16,scattered,2,spline,0.4407,58.663,-0.523
G002Day2Rest1.cnt,G002,16,contiguous,1,nearest,0.1759,71.878,-4.33
G002Day2Rest1.cnt,G002,16,contiguous,1,linear,0.939,5.233,18.428
G002Day2Rest1.cnt,G002,16,contiguous,1,spline,0.2231,71.861,-4.328
G002Day2Rest1.cnt,G002,16,contiguous,2,nearest,-0.2458,82.645,-2.723
G002Day2Rest1.cnt,G002,16,contiguous,2,linear,0.9616,5.822,20.32
G002Day2Rest1.cnt,G002,16,contiguous,2,spline,-0.0566,69.319,-1.196
G002Day2Rest2.cnt,G002,2,scattered,1,nearest,0.9691,1.854,12.72
G002Day2Rest2.cnt,G002,2,scattered,1,linear,0.9931,0.882,19.177
G002Day2Rest2.cnt,G002,2,scattered,1,spline,0.979,1.557,14.237
G002Day2Rest2.cnt,G002,2,scattered,2,nearest,0.821,3.591,4.868
G002Day2Rest2.cnt,G002,2,scattered,2,linear,0.9756,1.427,12.886
G002Day2Rest2.cnt,G002,2,scattered,2,spline,0.9678,1.723,11.248
G002Day2Rest2.cnt,G002,2,contiguous,1,nearest,0.9311,2.61,6.749
G002Day2Rest2.cnt,G002,2,contiguous,1,linear,0.9893,0.836,16.637
G002Day2Rest2.cnt,G002,2,contiguous,1,spline,0.9849,1.055,14.616
G002Day2Rest2.cnt,G002,2,contiguous,2,nearest,0.7998,4.325,2.885
G002Day2Rest2.cnt,G002,2,contiguous,2,linear,0.9382,2.063,9.313
G002Day2Rest2.cnt,G002,2,contiguous,2,spline,0.9301,2.297,8.381
G002Day2Rest2.cnt,G002,8,scattered,1,nearest,0.8766,3.185,6.034
G002Day2Rest2.cnt,G002,8,scattered,1,linear,0.9634,1.732,11.324
G002Day2Rest2.cnt,G002,8,scattered,1,spline,0.9478,2.101,9.646
G002Day2Rest2.cnt,G002,8,scattered,2,nearest,0.8538,3.779,4.839
G002Day2Rest2.cnt,G002,8,scattered,2,linear,0.9461,2.41,8.747
G002Day2Rest2.cnt,G002,8,scattered,2,spline,0.9363,2.621,8.017
G002Day2Rest2.cnt,G002,8,contiguous,1,nearest,0.6336,6.79,1.209
G002Day2Rest2.cnt,G002,8,contiguous,1,linear,0.8026,5.036,3.806
G002Day2Rest2.cnt,G002,8,contiguous,1,spline,0.7485,5.672,2.772
G002Day2Rest2.cnt,G002,8,contiguous,2,nearest,0.8948,3.822,6.747
G002Day2Rest2.cnt,G002,8,contiguous,2,linear,0.9653,2.204,11.528
G002Day2Rest2.cnt,G002,8,contiguous,2,spline,0.9576,2.482,10.498
G002Day2Rest2.cnt,G002,16,scattered,1,nearest,0.8109,4.405,4.092
G002Day2Rest2.cnt,G002,16,scattered,1,linear,0.9339,2.872,7.807
G002Day2Rest2.cnt,G002,16,scattered,1,spline,0.8542,4.013,4.902
G002Day2Rest2.cnt,G002,16,scattered,2,nearest,0.7757,4.333,3.769
G002Day2Rest2.cnt,G002,16,scattered,2,linear,0.9298,2.293,9.298
G002Day2Rest2.cnt,G002,16,scattered,2,spline,0.8686,3.434,5.79
G002Day2Rest2.cnt,G002,16,contiguous,1,nearest,0.7498,5.407,2.744
G002Day2Rest2.cnt,G002,16,contiguous,1,linear,0.8767,3.919,5.54
G002Day2Rest2.cnt,G002,16,contiguous,1,spline,0.8211,4.675,4.008
G002Day2Rest2.cnt,G002,16,contiguous,2,nearest,0.6366,7.046,-0.495
G002Day2Rest2.cnt,G002,16,contiguous,2,linear,0.8482,3.698,5.103
G002Day2Rest2.cnt,G002,16,contiguous,2,spline,0.7418,5.229,2.095
G002Day3Rest1.cnt,G002,2,scattered,1,nearest,0.0514,62.828,-0.66
G002Day3Rest1.cnt,G002,2,scattered,1,linear,0.9974,4.236,22.764
G002Day3Rest1.cnt,G002,2,scattered,1,spline,0.0734,55.712,0.384
G002Day3Rest1.cnt,G002,2,scattered,2,nearest,-0.9158,62.592,-7.983
G002Day3Rest1.cnt,G002,2,scattered,2,linear,0.968,4.653,14.593
G002Day3Rest1.cnt,G002,2,scattered,2,spline,0.0317,36.098,-3.202
G002Day3Rest1.cnt,G002,2,contiguous,1,nearest,-0.9297,68.784,-8.75
G002Day3Rest1.cnt,G002,2,contiguous,1,linear,0.9766,5.136,13.788
G002Day3Rest1.cnt,G002,2,contiguous,1,spline,0.0055,36.561,-3.261
G002Day3Rest1.cnt,G002,2,contiguous,2,nearest,0.9398,44.17,-1.249
G002Day3Rest1.cnt,G002,2,contiguous,2,linear,0.9468,4.898,17.853
G002Day3Rest1.cnt,G002,2,contiguous,2,spline,0.9485,35.555,0.636
G002Day3Rest1.cnt,G002,8,scattered,1,nearest,0.0919,62.209,-0.683
G002Day3Rest1.cnt,G002,8,scattered,1,linear,0.9717,4.229,22.669
G002Day3Rest1.cnt,G002,8,scattered,1,spline,0.118,58.286,-0.117
G002Day3Rest1.cnt,G002,8,scattered,2,nearest,-0.5337,65.949,-2.046
G002Day3Rest1.cnt,G002,8,scattered,2,linear,0.9616,4.704,20.888
G002Day3Rest1.cnt,G002,8,scattered,2,spline,-0.0909,54.585,-0.404
G002Day3Rest1.cnt,G002,8,contiguous,1,nearest,0.2674,61.21,-1.355
G002Day3Rest1.cnt,G002,8,contiguous,1,linear,0.9569,5.767,19.162
G002Day3Rest1.cnt,G002,8,contiguous,1,spline,0.2696,65.512,-1.945
G002Day3Rest1.cnt,G002,8,contiguous,2,nearest,0.5008,55.405,-0.101
G002Day3Rest1.cnt,G002,8,contiguous,2,linear,0.9909,4.36,21.98
G002Day3Rest1.cnt,G002,8,contiguous,2,spline,0.0212,62.148,-1.098
G002Day3Rest1.cnt,G002,16,scattered,1,nearest,-0.0558,69.523,-3.318
G002Day3Rest1.cnt,G002,16,scattered,1,linear,0.9687,4.952,19.629
G002Day3Rest1.cnt,G002,16,scattered,1,spline,0.0484,66.54,-2.937
G002Day3Rest1.cnt,G002,16,scattered,2,nearest,-0.2072,74.752,-2.977
G002Day3Rest1.cnt,G002,16,scattered,2,linear,0.9886,4.92,20.656
G002Day3Rest1.cnt,G002,16,scattered,2,spline,-0.2603,64.364,-1.677
G002Day3Rest1.cnt,G002,16,contiguous,1,nearest,0.061,65.855,-3.791
G002Day3Rest1.cnt,G002,16,contiguous,1,linear,0.9634,5.315,18.07
G002Day3Rest1.cnt,G002,16,contiguous,1,spline,0.0283,60.298,-3.025
G002Day3Rest1.cnt,G002,16,contiguous,2,nearest,0.1415,78.264,-3.95
G002Day3Rest1.cnt,G002,16,contiguous,2,linear,0.9733,5.526,19.072
G002Day3Rest1.cnt,G002,16,contiguous,2,spline,0.1356,62.589,-2.009
G002Day3Rest2.cnt,G002,2,scattered,1,nearest,0.0054,150.696,-2.997
G002Day3Rest2.cnt,G002,2,scattered,1,linear,0.997,5.942,25.087
G002Day3Rest2.cnt,G002,2,scattered,1,spline,0.9982,44.298,7.638
G002Day3Rest2.cnt,G002,2,scattered,2,nearest,0.9608,143.238,0.68
G002Day3Rest2.cnt,G002,2,scattered,2,linear,0.9971,3.921,31.932
G002Day3Rest2.cnt,G002,2,scattered,2,spline,0.9975,104.45,3.423
G002Day3Rest2.cnt,G002,2,contiguous,1,nearest,-0.7161,193.664,-6.365
G002Day3Rest2.cnt,G002,2,contiguous,1,linear,0.8238,7.784,21.552
G002Day3Rest2.cnt,G002,2,contiguous,1,spline,0.2587,182.291,-5.84
G002Day3Rest2.cnt,G002,2,contiguous,2,nearest,-0.0255,346.148,-3.644
G002Day3Rest2.cnt,G002,2,contiguous,2,linear,0.9712,5.029,33.112
G002Day3Rest2.cnt,G002,2,contiguous,2,spline,0.9794,180.651,2.005
G002Day3Rest2.cnt,G002,8,scattered,1,nearest,0.1733,151.033,0.276
G002Day3Rest2.cnt,G002,8,scattered,1,linear,0.9374,5.768,28.638
G002Day3Rest2.cnt,G002,8,scattered,1,spline,0.1871,141.911,0.818
G002Day3Rest2.cnt,G002,8,scattered,2,nearest,-0.155,220.858,-1.728
G002Day3Rest2.cnt,G002,8,scattered,2,linear,0.9564,6.699,28.634
G002Day3Rest2.cnt,G002,8,scattered,2,spline,0.7012,145.379,1.905
G002Day3Rest2.cnt,G002,8,contiguous,1,nearest,0.0106,181.249,-0.382
G002Day3Rest2.cnt,G002,8,contiguous,1,linear,0.9766,6.076,29.111
G002Day3Rest2.cnt,G002,8,contiguous,1,spline,0.5004,143.364,1.654
G002Day3Rest2.cnt,G002,8,contiguous,2,nearest,0.6447,138.836,2.687
G002Day3Rest2.cnt,G002,8,contiguous,2,linear,0.9493,6.354,29.476
G002Day3Rest2.cnt,G002,8,contiguous,2,spline,0.2076,179.382,0.461
G002Day3Rest2.cnt,G002,16,scattered,1,nearest,0.2189,174.146,-0.62
G002Day3Rest2.cnt,G002,16,scattered,1,linear,0.9279,6.292,28.223
G002Day3Rest2.cnt,G002,16,scattered,1,spline,0.3978,142.598,1.116
G002Day3Rest2.cnt,G002,16,scattered,2,nearest,0.3683,149.092,-0.047
G002Day3Rest2.cnt,G002,16,scattered,2,linear,0.9766,6.312,27.419
G002Day3Rest2.cnt,G002,16,scattered,2,spline,0.2297,136.318,0.731
G002Day3Rest2.cnt,G002,16,contiguous,1,nearest,0.6356,108.837,4.621
G002Day3Rest2.cnt,G002,16,contiguous,1,linear,0.9925,5.354,30.783
G002Day3Rest2.cnt,G002,16,contiguous,1,spline,0.2829,184.48,0.037
G002Day3Rest2.cnt,G002,16,contiguous,2,nearest,0.5216,158.63,0.292
G002Day3Rest2.cnt,G002,16,contiguous,2,linear,0.9832,6.029,28.695
G002Day3Rest2.cnt,G002,16,contiguous,2,spline,0.8644,92.802,4.949
G002Day4Rest1.cnt,G002,2,scattered,1,nearest,0.2671,59.685,0.653
G002Day4Rest1.cnt,G002,2,scattered,1,linear,0.996,3.423,25.481
G002Day4Rest1.cnt,G002,2,scattered,1,spline,0.6184,53.609,1.585
G002Day4Rest1.cnt,G002,2,scattered,2,nearest,0.1985,47.045,0.457
G002Day4Rest1.cnt,G002,2,scattered,2,linear,0.9747,4.144,21.558
G002Day4Rest1.cnt,G002,2,scattered,2,spline,0.9308,28.15,4.918
G002Day4Rest1.cnt,G002,2,contiguous,1,nearest,0.2006,44.941,-2.852
G002Day4Rest1.cnt,G002,2,contiguous,1,linear,0.8584,5.477,15.429
G002Day4Rest1.cnt,G002,2,contiguous,1,spline,-0.6904,63.453,-5.848
G002Day4Rest1.cnt,G002,2,contiguous,2,nearest,0.991,24.512,6.432
G002Day4Rest1.cnt,G002,2,contiguous,2,linear,0.9889,3.113,24.356
G002Day4Rest1.cnt,G002,2,contiguous,2,spline,0.9759,29.468,4.832
G002Day4Rest1.cnt,G002,8,scattered,1,nearest,0.2694,57.475,-1.004
G002Day4Rest1.cnt,G002,8,scattered,1,linear,0.977,4.348,21.419
G002Day4Rest1.cnt,G002,8,scattered,1,spline,0.6817,41.14,1.9
G002Day4Rest1.cnt,G002,8,scattered,2,nearest,0.6147,40.965,1.725
G002Day4Rest1.cnt,G002,8,scattered,2,linear,0.9322,3.707,22.592
G002Day4Rest1.cnt,G002,8,scattered,2,spline,0.6597,31.232,4.082
G002Day4Rest1.cnt,G002,8,contiguous,1,nearest,0.6498,34.218,2.979
G002Day4Rest1.cnt,G002,8,contiguous,1,linear,0.9359,4.734,20.159
G002Day4Rest1.cnt,G002,8,contiguous,1,spline,0.7986,29.362,4.308
G002Day4Rest1.cnt,G002,8,contiguous,2,nearest,0.7091,31.327,-3.218
G002Day4Rest1.cnt,G002,8,contiguous,2,linear,0.8143,4.736,13.192
G002Day4Rest1.cnt,G002,8,contiguous,2,spline,0.787,15.435,2.93
G002Day4Rest1.cnt,G002,16,scattered,1,nearest,0.3857,42.968,0.13
G002Day4Rest1.cnt,G002,16,scattered,1,linear,0.9304,4.817,19.138
G002Day4Rest1.cnt,G002,16,scattered,1,spline,0.4951,40.06,0.738
G002Day4Rest1.cnt,G002,16,scattered,2,nearest,0.4134,32.818,0.643
G002Day4Rest1.cnt,G002,16,scattered,2,linear,0.9316,4.116,18.674
G002Day4Rest1.cnt,G002,16,scattered,2,spline,0.634,30.07,1.402
G002Day4Rest1.cnt,G002,16,contiguous,1,nearest,0.6381,53.545,-2.648
G002Day4Rest1.cnt,G002,16,contiguous,1,linear,0.8761,5.313,17.419
G002Day4Rest1.cnt,G002,16,contiguous,1,spline,0.8291,64.363,-4.247
G002Day4Rest1.cnt,G002,16,contiguous,2,nearest,0.1229,49.309,-0.626
G002Day4Rest1.cnt,G002,16,contiguous,2,linear,0.9154,4.419,20.326
G002Day4Rest1.cnt,G002,16,contiguous,2,spline,0.8975,28.686,4.079
G002Day4Rest2.cnt,G002,2,scattered,1,nearest,0.9946,47.452,6.936
G002Day4Rest2.cnt,G002,2,scattered,1,linear,0.9979,3.977,28.47
G002Day4Rest2.cnt,G002,2,scattered,1,spline,0.9956,41.748,8.048
G002Day4Rest2.cnt,G002,2,scattered,2,nearest,0.2197,57.095,4.556
G002Day4Rest2.cnt,G002,2,scattered,2,linear,0.9136,5.602,24.722
G002Day4Rest2.cnt,G002,2,scattered,2,spline,0.1211,63.094,3.688
G002Day4Rest2.cnt,G002,2,contiguous,1,nearest,-0.2739,143.296,-11.235
G002Day4Rest2.cnt,G002,2,contiguous,1,linear,0.781,9.229,12.587
G002Day4Rest2.cnt,G002,2,contiguous,1,spline,-0.7285,142.019,-11.157
G002Day4Rest2.cnt,G002,2,contiguous,2,nearest,0.999,42.843,9.773
G002Day4Rest2.cnt,G002,2,contiguous,2,linear,0.9987,4.078,30.202
G002Day4Rest2.cnt,G002,2,contiguous,2,spline,0.9159,95.071,2.85
G002Day4Rest2.cnt,G002,8,scattered,1,nearest,0.349,57.825,4.037
G002Day4Rest2.cnt,G002,8,scattered,1,linear,0.9269,5.392,24.644
G002Day4Rest2.cnt,G002,8,scattered,1,spline,0.4609,94.727,-0.251
G002Day4Rest2.cnt,G002,8,scattered,2,nearest,0.4315,125.18,-4.828
G002Day4Rest2.cnt,G002,8,scattered,2,linear,0.9554,5.557,22.225
G002Day4Rest2.cnt,G002,8,scattered,2,spline,0.5248,82.085,-1.163
G002Day4Rest2.cnt,G002,8,contiguous,1,nearest,0.6496,94.649,1.717
G002Day4Rest2.cnt,G002,8,contiguous,1,linear,0.8906,6.958,24.389
G002Day4Rest2.cnt,G002,8,contiguous,1,spline,0.6437,148.934,-2.221
G002Day4Rest2.cnt,G002,8,contiguous,2,nearest,0.3337,62.866,1.109
G002Day4Rest2.cnt,G002,8,contiguous,2,linear,0.9159,6.151,21.299
G002Day4Rest2.cnt,G002,8,contiguous,2,spline,0.0281,89.104,-1.92
G002Day4Rest2.cnt,G002,16,scattered,1,nearest,0.1526,121.393,-0.783
G002Day4Rest2.cnt,G002,16,scattered,1,linear,0.9633,6.677,24.41
G002Day4Rest2.cnt,G002,16,scattered,1,spline,0.2685,111.669,-0.058
G002Day4Rest2.cnt,G002,16,scattered,2,nearest,0.3886,107.11,-0.593
G002Day4Rest2.cnt,G002,16,scattered,2,linear,0.9653,6.988,23.117
G002Day4Rest2.cnt,G002,16,scattered,2,spline,0.3628,109.255,-0.765
G002Day4Rest2.cnt,G002,16,contiguous,1,nearest,0.2778,113.016,-1.446
G002Day4Rest2.cnt,G002,16,contiguous,1,linear,0.9066,6.402,23.491
G002Day4Rest2.cnt,G002,16,contiguous,1,spline,0.6222,154.091,-4.139
G002Day4Rest2.cnt,G002,16,contiguous,2,nearest,0.7411,110.899,1.908
G002Day4Rest2.cnt,G002,16,contiguous,2,linear,0.9778,6.518,26.523
G002Day4Rest2.cnt,G002,16,contiguous,2,spline,0.7483,114.707,1.615
G003Day1Rest1.cnt,G003,2,scattered,1,nearest,-0.943,96.124,-11.267
G003Day1Rest1.cnt,G003,2,scattered,1,linear,0.9653,5.341,13.837
G003Day1Rest1.cnt,G003,2,scattered,1,spline,0.0376,62.09,-7.471
G003Day1Rest1.cnt,G003,2,scattered,2,nearest,-0.1019,141.671,-5.156
G003Day1Rest1.cnt,G003,2,scattered,2,linear,0.9801,8.291,19.497
G003Day1Rest1.cnt,G003,2,scattered,2,spline,-0.9405,121.459,-3.819
G003Day1Rest1.cnt,G003,2,contiguous,1,nearest,0.9968,26.064,8.255
G003Day1Rest1.cnt,G003,2,contiguous,1,linear,0.9847,8.327,18.166
G003Day1Rest1.cnt,G003,2,contiguous,1,spline,0.6569,43.155,3.875
G003Day1Rest1.cnt,G003,2,contiguous,2,nearest,-0.9484,95.184,-6.232
G003Day1Rest1.cnt,G003,2,contiguous,2,linear,0.968,4.971,19.411
G003Day1Rest1.cnt,G003,2,contiguous,2,spline,0.0431,65.252,-2.953
G003Day1Rest1.cnt,G003,8,scattered,1,nearest,0.3625,125.143,-5.698
G003Day1Rest1.cnt,G003,8,scattered,1,linear,0.8774,5.998,20.69
G003Day1Rest1.cnt,G003,8,scattered,1,spline,0.705,48.615,2.515
G003Day1Rest1.cnt,G003,8,scattered,2,nearest,0.3159,67.027,-0.907
G003Day1Rest1.cnt,G003,8,scattered,2,linear,0.8729,6.911,18.827
G003Day1Rest1.cnt,G003,8,scattered,2,spline,0.6514,50.517,1.55
G003Day1Rest1.cnt,G003,8,contiguous,1,nearest,0.0942,164.606,-2.226
G003Day1Rest1.cnt,G003,8,contiguous,1,linear,0.9548,7.446,24.664
G003Day1Rest1.cnt,G003,8,contiguous,1,spline,-0.6253,182.571,-3.126
G003Day1Rest1.cnt,G003,8,contiguous,2,nearest,0.6677,109.004,2.294
G003Day1Rest1.cnt,G003,8,contiguous,2,linear,0.908,8.213,24.753
G003Day1Rest1.cnt,G003,8,contiguous,2,spline,0.674,127.973,0.901
G003Day1Rest1.cnt,G003,16,scattered,1,nearest,0.2039,142.307,-3.151
G003Day1Rest1.cnt,G003,16,scattered,1,linear,0.9345,8.429,21.398
G003Day1Rest1.cnt,G003,16,scattered,1,spline,0.387,112.506,-1.11
G003Day1Rest1.cnt,G003,16,scattered,2,nearest,-0.0813,165.296,-3.137
G003Day1Rest1.cnt,G003,16,scattered,2,linear,0.952,6.403,25.101
G003Day1Rest1.cnt,G003,16,scattered,2,spline,0.0232,120.018,-0.356
G003Day1Rest1.cnt,G003,16,contiguous,1,nearest,0.0697,128.947,-1.139
G003Day1Rest1.cnt,G003,16,contiguous,1,linear,0.9399,7.913,23.102
G003Day1Rest1.cnt,G003,16,contiguous,1,spline,0.131,138.917,-1.786
G003Day1Rest1.cnt,G003,16,contiguous,2,nearest,0.0697,128.947,-1.139
G003Day1Rest1.cnt,G003,16,contiguous,2,linear,0.9399,7.913,23.102
G003Day1Rest1.cnt,G003,16,contiguous,2,spline,0.131,138.917,-1.786
G003Day1Rest2.cnt,G003,2,scattered,1,nearest,0.7141,27.643,-3.246
G003Day1Rest2.cnt,G003,2,scattered,1,linear,0.9512,3.344,15.099
G003Day1Rest2.cnt,G003,2,scattered,1,spline,0.4784,18.126,0.42
G003Day1Rest2.cnt,G003,2,scattered,2,nearest,0.7888,45.663,-10.533
G003Day1Rest2.cnt,G003,2,scattered,2,linear,0.9503,4.766,9.095
G003Day1Rest2.cnt,G003,2,scattered,2,spline,0.8277,25.586,-5.502
G003Day1Rest2.cnt,G003,2,contiguous,1,nearest,0.9257,40.041,2.378
G003Day1Rest2.cnt,G003,2,contiguous,1,linear,0.9925,4.037,22.306
G003Day1Rest2.cnt,G003,2,contiguous,1,spline,0.9603,37.857,2.865
G003Day1Rest2.cnt,G003,2,contiguous,2,nearest,0.9849,10.734,8.718
G003Day1Rest2.cnt,G003,2,contiguous,2,linear,0.987,3.334,18.874
G003Day1Rest2.cnt,G003,2,contiguous,2,spline,0.9942,7.886,11.395
G003Day1Rest2.cnt,G003,8,scattered,1,nearest,0.2769,37.582,0.078
G003Day1Rest2.cnt,G003,8,scattered,1,linear,0.9654,4.232,19.046
G003Day1Rest2.cnt,G003,8,scattered,1,spline,0.2726,34.725,0.765
G003Day1Rest2.cnt,G003,8,scattered,2,nearest,-0.1059,50.311,-4.605
G003Day1Rest2.cnt,G003,8,scattered,2,linear,0.9688,4.17,17.026
G003Day1Rest2.cnt,G003,8,scattered,2,spline,0.3443,25.598,1.264
G003Day1Rest2.cnt,G003,8,contiguous,1,nearest,-0.2058,39.593,-2.523
G003Day1Rest2.cnt,G003,8,contiguous,1,linear,0.9569,5.022,15.412
G003Day1Rest2.cnt,G003,8,contiguous,1,spline,-0.1283,35.386,-1.547
G003Day1Rest2.cnt,G003,8,contiguous,2,nearest,0.7815,17.944,6.558
G003Day1Rest2.cnt,G003,8,contiguous,2,linear,0.976,5.5,16.829
G003Day1Rest2.cnt,G003,8,contiguous,2,spline,0.6214,32.471,1.407
G003Day1Rest2.cnt,G003,16,scattered,1,nearest,0.3562,41.611,-1.234
G003Day1Rest2.cnt,G003,16,scattered,1,linear,0.977,4.379,18.321
G003Day1Rest2.cnt,G003,16,scattered,1,spline,0.2329,36.836,-0.176
G003Day1Rest2.cnt,G003,16,scattered,2,nearest,0.1017,38.487,-3.48
G003Day1Rest2.cnt,G003,16,scattered,2,linear,0.9389,4.898,14.425
G003Day1Rest2.cnt,G003,16,scattered,2,spline,0.1536,28.804,-0.963
G003Day1Rest2.cnt,G003,16,contiguous,1,nearest,0.5276,30.787,1.023
G003Day1Rest2.cnt,G003,16,contiguous,1,linear,0.9343,6.903,14.009
G003Day1Rest2.cnt,G003,16,contiguous,1,spline,0.6868,35.361,-0.18
G003Day1Rest2.cnt,G003,16,contiguous,2,nearest,0.0569,40.35,-1.835
G003Day1Rest2.cnt,G003,16,contiguous,2,linear,0.9304,5.966,14.769
G003Day1Rest2.cnt,G003,16,contiguous,2,spline,0.4872,31.852,0.219
G003Day2Rest1.cnt,G003,2,scattered,1,nearest,0.4519,38.448,3.873
G003Day2Rest1.cnt,G003,2,scattered,1,linear,0.9936,3.586,24.479
G003Day2Rest1.cnt,G003,2,scattered,1,spline,0.7234,44.018,2.698
G003Day2Rest1.cnt,G003,2,scattered,2,nearest,0.3541,47.443,2.427
G003Day2Rest1.cnt,G003,2,scattered,2,linear,0.997,3.915,24.095
G003Day2Rest1.cnt,G003,2,scattered,2,spline,0.2781,94.967,-3.601
G003Day2Rest1.cnt,G003,2,contiguous,1,nearest,0.888,38.304,4.14
G003Day2Rest1.cnt,G003,2,contiguous,1,linear,0.9976,4.218,23.302
G003Day2Rest1.cnt,G003,2,contiguous,1,spline,0.3248,61.217,0.067
G003Day2Rest1.cnt,G003,2,contiguous,2,nearest,0.0387,71.627,-3.078
G003Day2Rest1.cnt,G003,2,contiguous,2,linear,0.9969,3.608,22.879
G003Day2Rest1.cnt,G003,2,contiguous,2,spline,0.3334,58.09,-1.258
G003Day2Rest1.cnt,G003,8,scattered,1,nearest,0.1775,79.055,-0.004
G003Day2Rest1.cnt,G003,8,scattered,1,linear,0.9921,8.65,19.214
G003Day2Rest1.cnt,G003,8,scattered,1,spline,-0.03,139.115,-4.912
G003Day2Rest1.cnt,G003,8,scattered,2,nearest,0.1891,458.98,-10.112
G003Day2Rest1.cnt,G003,8,scattered,2,linear,0.8949,128.633,0.937
G003Day2Rest1.cnt,G003,8,scattered,2,spline,-0.1131,341.951,-7.555
G003Day2Rest1.cnt,G003,8,contiguous,1,nearest,0.2852,439.548,-0.004
G003Day2Rest1.cnt,G003,8,contiguous,1,linear,0.865,437.026,0.046
G003Day2Rest1.cnt,G003,8,contiguous,1,spline,0.2425,439.385,-0.001
G003Day2Rest1.cnt,G003,8,contiguous,2,nearest,0.4752,55.6,-0.516
G003Day2Rest1.cnt,G003,8,contiguous,2,linear,0.995,5.827,19.077
G003Day2Rest1.cnt,G003,8,contiguous,2,spline,0.3309,66.317,-2.047
G003Day2Rest1.cnt,G003,16,scattered,1,nearest,0.1757,450.424,-12.442
G003Day2Rest1.cnt,G003,16,scattered,1,linear,0.9448,90.98,1.452
G003Day2Rest1.cnt,G003,16,scattered,1,spline,0.1878,183.17,-4.627
G003Day2Rest1.cnt,G003,16,scattered,2,nearest,0.2585,327.407,-9.391
G003Day2Rest1.cnt,G003,16,scattered,2,linear,0.9476,91.019,1.728
G003Day2Rest1.cnt,G003,16,scattered,2,spline,0.3616,150.812,-2.658
G003Day2Rest1.cnt,G003,16,contiguous,1,nearest,0.235,112.246,-6.557
G003Day2Rest1.cnt,G003,16,contiguous,1,linear,0.9859,6.547,18.126
G003Day2Rest1.cnt,G003,16,contiguous,1,spline,0.0894,132.324,-7.986
G003Day2Rest1.cnt,G003,16,contiguous,2,nearest,0.3157,312.986,-0.026
G003Day2Rest1.cnt,G003,16,contiguous,2,linear,0.8964,309.064,0.084
G003Day2Rest1.cnt,G003,16,contiguous,2,spline,0.4257,318.646,-0.182
G003Day2Rest2.cnt,G003,2,scattered,1,nearest,-0.0595,299.228,0.025
G003Day2Rest2.cnt,G003,2,scattered,1,linear,0.6754,283.499,0.494
G003Day2Rest2.cnt,G003,2,scattered,1,spline,0.3092,298.186,0.055
G003Day2Rest2.cnt,G003,2,scattered,2,nearest,0.77,15.404,7.341
G003Day2Rest2.cnt,G003,2,scattered,2,linear,0.9886,2.731,22.367
G003Day2Rest2.cnt,G003,2,scattered,2,spline,0.2148,74.255,-6.322
G003Day2Rest2.cnt,G003,2,contiguous,1,nearest,-0.3627,144.576,-10.249
G003Day2Rest2.cnt,G003,2,contiguous,1,linear,0.9981,2.942,23.581
G003Day2Rest2.cnt,G003,2,contiguous,1,spline,-0.5926,98.587,-6.924
G003Day2Rest2.cnt,G003,2,contiguous,2,nearest,0.767,15.163,5.744
G003Day2Rest2.cnt,G003,2,contiguous,2,linear,0.9839,3.336,18.896
G003Day2Rest2.cnt,G003,2,contiguous,2,spline,-0.0105,36.783,-1.953
G003Day2Rest2.cnt,G003,8,scattered,1,nearest,0.3585,344.844,-0.053
G003Day2Rest2.cnt,G003,8,scattered,1,linear,0.8805,336.223,0.167
G003Day2Rest2.cnt,G003,8,scattered,1,spline,-0.103,351.808,-0.227
G003Day2Rest2.cnt,G003,8,scattered,2,nearest,0.3301,73.748,-7.272
G003Day2Rest2.cnt,G003,8,scattered,2,linear,0.9688,5.176,15.803
G003Day2Rest2.cnt,G003,8,scattered,2,spline,0.1228,119.143,-11.438
G003Day2Rest2.cnt,G003,8,contiguous,1,nearest,0.1765,94.247,-3.209
G003Day2Rest2.cnt,G003,8,contiguous,1,linear,0.9937,3.901,24.453
G003Day2Rest2.cnt,G003,8,contiguous,1,spline,-0.0077,118.67,-5.21
G003Day2Rest2.cnt,G003,8,contiguous,2,nearest,-0.2108,103.015,-4.64
G003Day2Rest2.cnt,G003,8,contiguous,2,linear,0.9919,3.476,24.797
G003Day2Rest2.cnt,G003,8,contiguous,2,spline,-0.584,98.346,-4.237
G003Day2Rest2.cnt,G003,16,scattered,1,nearest,0.188,98.219,-3.652
G003Day2Rest2.cnt,G003,16,scattered,1,linear,0.9866,5.442,21.477
G003Day2Rest2.cnt,G003,16,scattered,1,spline,0.2275,86.386,-2.537
G003Day2Rest2.cnt,G003,16,scattered,2,nearest,0.154,141.477,-0.981
G003Day2Rest2.cnt,G003,16,scattered,2,linear,0.9496,100.303,2.007
G003Day2Rest2.cnt,G003,16,scattered,2,spline,0.2206,137.804,-0.752
G003Day2Rest2.cnt,G003,16,contiguous,1,nearest,0.3014,72.575,-2.653
G003Day2Rest2.cnt,G003,16,contiguous,1,linear,0.9537,8.74,15.733
G003Day2Rest2.cnt,G003,16,contiguous,1,spline,0.4518,302.747,-15.059
G003Day2Rest2.cnt,G003,16,contiguous,2,nearest,-0.2289,161.427,-2.233
G003Day2Rest2.cnt,G003,16,contiguous,2,linear,0.9522,100.337,1.897
G003Day2Rest2.cnt,G003,16,contiguous,2,spline,-0.1293,208.884,-4.472
G003Day3Rest1.cnt,G003,2,scattered,1,nearest,0.6491,64.371,-13.496
G003Day3Rest1.cnt,G003,2,scattered,1,linear,0.8478,5.265,8.251
G003Day3Rest1.cnt,G003,2,scattered,1,spline,0.679,38.471,-9.025
G003Day3Rest1.cnt,G003,2,scattered,2,nearest,0.9373,34.227,5.882
G003Day3Rest1.cnt,G003,2,scattered,2,linear,0.9136,4.873,22.814
G003Day3Rest1.cnt,G003,2,scattered,2,spline,0.144,68.419,-0.134
G003Day3Rest1.cnt,G003,2,contiguous,1,nearest,0.6648,61.15,0.416
G003Day3Rest1.cnt,G003,2,contiguous,1,linear,0.9986,2.999,26.605
G003Day3Rest1.cnt,G003,2,contiguous,1,spline,0.9095,51.976,1.828
G003Day3Rest1.cnt,G003,2,contiguous,2,nearest,0.8159,25.851,0.537
G003Day3Rest1.cnt,G003,2,contiguous,2,linear,0.8861,4.067,16.6
G003Day3Rest1.cnt,G003,2,contiguous,2,spline,0.8399,23.236,1.463
G003Day3Rest1.cnt,G003,8,scattered,1,nearest,0.3594,26.451,3.689
G003Day3Rest1.cnt,G003,8,scattered,1,linear,0.9796,3.479,21.308
G003Day3Rest1.cnt,G003,8,scattered,1,spline,0.6736,22.175,5.22
G003Day3Rest1.cnt,G003,8,scattered,2,nearest,0.6145,37.331,1.365
G003Day3Rest1.cnt,G003,8,scattered,2,linear,0.9508,5.858,17.451
G003Day3Rest1.cnt,G003,8,scattered,2,spline,0.269,45.425,-0.34
G003Day3Rest1.cnt,G003,8,contiguous,1,nearest,0.7317,29.486,3.376
G003Day3Rest1.cnt,G003,8,contiguous,1,linear,0.9772,3.851,21.056
G003Day3Rest1.cnt,G003,8,contiguous,1,spline,0.9153,23.608,5.307
G003Day3Rest1.cnt,G003,8,contiguous,2,nearest,0.0976,40.502,-3.584
G003Day3Rest1.cnt,G003,8,contiguous,2,linear,0.9539,4.973,14.633
G003Day3Rest1.cnt,G003,8,contiguous,2,spline,0.6128,28.159,-0.427
G003Day3Rest1.cnt,G003,16,scattered,1,nearest,0.3896,41.187,-0.267
G003Day3Rest1.cnt,G003,16,scattered,1,linear,0.9107,4.968,18.104
G003Day3Rest1.cnt,G003,16,scattered,1,spline,0.3786,41.201,-0.27
G003Day3Rest1.cnt,G003,16,scattered,2,nearest,0.3023,36.016,1.582
G003Day3Rest1.cnt,G003,16,scattered,2,linear,0.9822,4.202,20.241
G003Day3Rest1.cnt,G003,16,scattered,2,spline,0.6269,31.527,2.738
G003Day3Rest1.cnt,G003,16,contiguous,1,nearest,0.3398,26.425,1.871
G003Day3Rest1.cnt,G003,16,contiguous,1,linear,0.9355,5.04,16.264
G003Day3Rest1.cnt,G003,16,contiguous,1,spline,0.1387,42.564,-2.269
G003Day3Rest1.cnt,G003,16,contiguous,2,nearest,0.6548,46.541,0.617
G003Day3Rest1.cnt,G003,16,contiguous,2,linear,0.9122,6.22,18.098
G003Day3Rest1.cnt,G003,16,contiguous,2,spline,0.5699,45.402,0.832
G003Day3Rest2.cnt,G003,2,scattered,1,nearest,0.9834,1.583,16.373
G003Day3Rest2.cnt,G003,2,scattered,1,linear,0.9839,1.563,16.484
G003Day3Rest2.cnt,G003,2,scattered,1,spline,0.9603,2.437,12.623
G003Day3Rest2.cnt,G003,2,scattered,2,nearest,0.8535,3.801,5.794
G003Day3Rest2.cnt,G003,2,scattered,2,linear,0.9726,1.769,12.437
G003Day3Rest2.cnt,G003,2,scattered,2,spline,0.957,2.124,10.849
G003Day3Rest2.cnt,G003,2,contiguous,1,nearest,0.9754,1.703,14.273
G003Day3Rest2.cnt,G003,2,contiguous,1,linear,0.997,0.596,23.4
G003Day3Rest2.cnt,G003,2,contiguous,1,spline,0.9906,1.055,18.436
G003Day3Rest2.cnt,G003,2,contiguous,2,nearest,0.9754,1.703,14.273
G003Day3Rest2.cnt,G003,2,contiguous,2,linear,0.997,0.596,23.4
G003Day3Rest2.cnt,G003,2,contiguous,2,spline,0.9906,1.055,18.436
G003Day3Rest2.cnt,G003,8,scattered,1,nearest,0.8567,4.809,5.913
G003Day3Rest2.cnt,G003,8,scattered,1,linear,0.9721,1.999,13.539
G003Day3Rest2.cnt,G003,8,scattered,1,spline,0.9409,2.849,10.462
G003Day3Rest2.cnt,G003,8,scattered,2,nearest,0.8612,4.601,5.704
G003Day3Rest2.cnt,G003,8,scattered,2,linear,0.9835,1.411,15.97
G003Day3Rest2.cnt,G003,8,scattered,2,spline,0.9783,1.708,14.313
G003Day3Rest2.cnt,G003,8,contiguous,1,nearest,0.8705,4.453,7.052
G003Day3Rest2.cnt,G003,8,contiguous,1,linear,0.9648,2.337,12.653
G003Day3Rest2.cnt,G003,8,contiguous,1,spline,0.9449,3.044,10.357
G003Day3Rest2.cnt,G003,8,contiguous,2,nearest,0.8567,5.879,5.593
G003Day3Rest2.cnt,G003,8,contiguous,2,linear,0.9558,2.984,11.484
G003Day3Rest2.cnt,G003,8,contiguous,2,spline,0.9292,3.934,9.083
G003Day3Rest2.cnt,G003,16,scattered,1,nearest,0.8532,4.081,6.597
G003Day3Rest2.cnt,G003,16,scattered,1,linear,0.9693,1.834,13.546
G003Day3Rest2.cnt,G003,16,scattered,1,spline,0.9515,2.427,11.111
G003Day3Rest2.cnt,G003,16,scattered,2,nearest,0.8259,4.765,4.841
G003Day3Rest2.cnt,G003,16,scattered,2,linear,0.979,1.462,15.102
G003Day3Rest2.cnt,G003,16,scattered,2,spline,0.9536,2.316,11.107
G003Day3Rest2.cnt,G003,16,contiguous,1,nearest,0.8619,4.318,7.788
G003Day3Rest2.cnt,G003,16,contiguous,1,linear,0.974,2.009,14.433
G003Day3Rest2.cnt,G003,16,contiguous,1,spline,0.9653,2.774,11.631
G003Day3Rest2.cnt,G003,16,contiguous,2,nearest,0.7908,5.716,4.484
G003Day3Rest2.cnt,G003,16,contiguous,2,linear,0.9285,3.198,9.529
G003Day3Rest2.cnt,G003,16,contiguous,2,spline,0.9016,3.95,7.693
G003Day4Rest1.cnt,G003,2,scattered,1,nearest,0.7764,3.574,6.258
G003Day4Rest1.cnt,G003,2,scattered,1,linear,0.9625,2.057,11.057
G003Day4Rest1.cnt,G003,2,scattered,1,spline,0.955,2.143,10.702
G003Day4Rest1.cnt,G003,2,scattered,2,nearest,0.8837,2.844,7.157
G003Day4Rest1.cnt,G003,2,scattered,2,linear,0.9704,1.305,13.921
G003Day4Rest1.cnt,G003,2,scattered,2,spline,0.9614,1.515,12.627
G003Day4Rest1.cnt,G003,2,contiguous,1,nearest,0.8481,5.07,6.011
G003Day4Rest1.cnt,G003,2,contiguous,1,linear,0.9115,3.772,8.58
G003Day4Rest1.cnt,G003,2,contiguous,1,spline,0.8991,4.018,8.032
G003Day4Rest1.cnt,G003,2,contiguous,2,nearest,0.8666,4.103,5.913
G003Day4Rest1.cnt,G003,2,contiguous,2,linear,0.9151,3.378,7.602
G003Day4Rest1.cnt,G003,2,contiguous,2,spline,0.8816,3.812,6.552
G003Day4Rest1.cnt,G003,8,scattered,1,nearest,0.7896,4.909,3.062
G003Day4Rest1.cnt,G003,8,scattered,1,linear,0.9378,2.256,9.817
G003Day4Rest1.cnt,G003,8,scattered,1,spline,0.9146,2.721,8.189
G003Day4Rest1.cnt,G003,8,scattered,2,nearest,0.8986,3.521,6.609
G003Day4Rest1.cnt,G003,8,scattered,2,linear,0.9786,1.576,13.593
G003Day4Rest1.cnt,G003,8,scattered,2,spline,0.9688,1.904,11.948
G003Day4Rest1.cnt,G003,8,contiguous,1,nearest,0.7233,4.872,1.694
G003Day4Rest1.cnt,G003,8,contiguous,1,linear,0.9246,2.287,8.261
G003Day4Rest1.cnt,G003,8,contiguous,1,spline,0.8875,2.936,6.094
G003Day4Rest1.cnt,G003,8,contiguous,2,nearest,0.8257,3.788,5.471
G003Day4Rest1.cnt,G003,8,contiguous,2,linear,0.9696,1.684,12.512
G003Day4Rest1.cnt,G003,8,contiguous,2,spline,0.9589,1.887,11.523
G003Day4Rest1.cnt,G003,16,scattered,1,nearest,0.8034,5.028,3.19
G003Day4Rest1.cnt,G003,16,scattered,1,linear,0.9249,2.732,8.489
G003Day4Rest1.cnt,G003,16,scattered,1,spline,0.8825,3.454,6.452
G003Day4Rest1.cnt,G003,16,scattered,2,nearest,0.8037,4.083,4.403
G003Day4Rest1.cnt,G003,16,scattered,2,linear,0.9552,1.924,10.936
G003Day4Rest1.cnt,G003,16,scattered,2,spline,0.9174,2.616,8.27
G003Day4Rest1.cnt,G003,16,contiguous,1,nearest,0.7466,6.656,3.092
G003Day4Rest1.cnt,G003,16,contiguous,1,linear,0.9018,3.896,7.743
G003Day4Rest1.cnt,G003,16,contiguous,1,spline,0.7781,7.238,2.363
G003Day4Rest1.cnt,G003,16,contiguous,2,nearest,0.8177,4.422,5.287
G003Day4Rest1.cnt,G003,16,contiguous,2,linear,0.9616,2.182,11.422
G003Day4Rest1.cnt,G003,16,contiguous,2,spline,0.9472,2.532,10.132
G003Day4Rest2.cnt,G003,2,scattered,1,nearest,0.7437,7.061,2.553
G003Day4Rest2.cnt,G003,2,scattered,1,linear,0.841,5.527,4.68
G003Day4Rest2.cnt,G003,2,scattered,1,spline,0.7728,6.33,3.503
G003Day4Rest2.cnt,G003,2,scattered,2,nearest,0.9029,3.231,6.867
G003Day4Rest2.cnt,G003,2,scattered,2,linear,0.9723,1.56,13.193
G003Day4Rest2.cnt,G003,2,scattered,2,spline,0.9588,2.171,10.32
G003Day4Rest2.cnt,G003,2,contiguous,1,nearest,0.7471,4.726,0.285
G003Day4Rest2.cnt,G003,2,contiguous,1,linear,0.9885,0.693,16.963
G003Day4Rest2.cnt,G003,2,contiguous,1,spline,0.9852,0.821,15.489
G003Day4Rest2.cnt,G003,2,contiguous,2,nearest,0.9205,4.113,7.942
G003Day4Rest2.cnt,G003,2,contiguous,2,linear,0.9862,1.397,17.322
G003Day4Rest2.cnt,G003,2,contiguous,2,spline,0.9832,2.076,13.879
G003Day4Rest2.cnt,G003,8,scattered,1,nearest,0.881,3.715,6.74
G003Day4Rest2.cnt,G003,8,scattered,1,linear,0.9798,1.489,14.681
G003Day4Rest2.cnt,G003,8,scattered,1,spline,0.972,1.693,13.566
G003Day4Rest2.cnt,G003,8,scattered,2,nearest,0.8575,3.899,6.357
G003Day4Rest2.cnt,G003,8,scattered,2,linear,0.9774,1.776,13.186
G003Day4Rest2.cnt,G003,8,scattered,2,spline,0.9725,1.966,12.305
G003Day4Rest2.cnt,G003,8,contiguous,1,nearest,0.8353,4.533,4.678
G003Day4Rest2.cnt,G003,8,contiguous,1,linear,0.947,2.225,10.859
G003Day4Rest2.cnt,G003,8,contiguous,1,spline,0.9256,2.795,8.88
G003Day4Rest2.cnt,G003,8,contiguous,2,nearest,0.7916,4.294,4.934
G003Day4Rest2.cnt,G003,8,contiguous,2,linear,0.9772,1.435,14.454
G003Day4Rest2.cnt,G003,8,contiguous,2,spline,0.9759,1.488,14.142
G003Day4Rest2.cnt,G003,16,scattered,1,nearest,0.8506,4.133,5.683
G003Day4Rest2.cnt,G003,16,scattered,1,linear,0.9557,2.026,11.875
G003Day4Rest2.cnt,G003,16,scattered,1,spline,0.9409,2.393,10.429
G003Day4Rest2.cnt,G003,16,scattered,2,nearest,0.8687,4.0,6.456
G003Day4Rest2.cnt,G003,16,scattered,2,linear,0.9554,2.303,11.25
G003Day4Rest2.cnt,G003,16,scattered,2,spline,0.9271,2.947,9.11
G003Day4Rest2.cnt,G003,16,contiguous,1,nearest,0.815,4.43,5.189
G003Day4Rest2.cnt,G003,16,contiguous,1,linear,0.9484,2.283,10.948
G003Day4Rest2.cnt,G003,16,contiguous,1,spline,0.9048,3.654,6.863
G003Day4Rest2.cnt,G003,16,contiguous,2,nearest,0.8466,4.354,6.573
G003Day4Rest2.cnt,G003,16,contiguous,2,linear,0.9567,2.357,11.905
G003Day4Rest2.cnt,G003,16,contiguous,2,spline,0.9361,3.168,9.335
G004Day1Rest1.cnt,G004,2,scattered,1,nearest,0.997,236.641,-8.901
G004Day1Rest1.cnt,G004,2,scattered,1,linear,0.9972,4.417,25.679
G004Day1Rest1.cnt,G004,2,scattered,1,spline,0.9992,67.722,1.966
G004Day1Rest1.cnt,G004,2,scattered,2,nearest,0.9997,90.638,5.316
G004Day1Rest1.cnt,G004,2,scattered,2,linear,0.9988,7.026,27.528
G004Day1Rest1.cnt,G004,2,scattered,2,spline,0.0444,162.47,0.247
G004Day1Rest1.cnt,G004,2,contiguous,1,nearest,0.9997,47.35,11.131
G004Day1Rest1.cnt,G004,2,contiguous,1,linear,0.9989,6.869,27.9
G004Day1Rest1.cnt,G004,2,contiguous,1,spline,0.0251,169.649,0.047
G004Day1Rest1.cnt,G004,2,contiguous,2,nearest,0.9975,130.229,-0.843
G004Day1Rest1.cnt,G004,2,contiguous,2,linear,0.9974,6.755,24.858
G004Day1Rest1.cnt,G004,2,contiguous,2,spline,0.9981,113.944,0.317
G004Day1Rest1.cnt,G004,8,scattered,1,nearest,0.5309,112.823,1.397
G004Day1Rest1.cnt,G004,8,scattered,1,linear,0.994,5.552,27.556
G004Day1Rest1.cnt,G004,8,scattered,1,spline,-0.1062,137.683,-0.333
G004Day1Rest1.cnt,G004,8,scattered,2,nearest,0.4849,228.05,-3.628
G004Day1Rest1.cnt,G004,8,scattered,2,linear,0.9979,4.761,29.979
G004Day1Rest1.cnt,G004,8,scattered,2,spline,0.5042,148.315,0.109
G004Day1Rest1.cnt,G004,8,contiguous,1,nearest,0.7504,168.003,-0.427
G004Day1Rest1.cnt,G004,8,contiguous,1,linear,0.9986,4.755,30.537
G004Day1Rest1.cnt,G004,8,contiguous,1,spline,0.2471,199.182,-1.905
G004Day1Rest1.cnt,G004,8,contiguous,2,nearest,0.494,254.851,-1.574
G004Day1Rest1.cnt,G004,8,contiguous,2,linear,0.9986,7.114,29.509
G004Day1Rest1.cnt,G004,8,contiguous,2,spline,-0.1832,229.436,-0.662
G004Day1Rest1.cnt,G004,16,scattered,1,nearest,0.593,181.359,-1.31
G004Day1Rest1.cnt,G004,16,scattered,1,linear,0.9632,5.191,29.557
G004Day1Rest1.cnt,G004,16,scattered,1,spline,0.8343,109.659,3.06
G004Day1Rest1.cnt,G004,16,scattered,2,nearest,0.4711,229.118,-1.28
G004Day1Rest1.cnt,G004,16,scattered,2,linear,0.9625,5.284,31.462
G004Day1Rest1.cnt,G004,16,scattered,2,spline,0.5613,177.037,0.96
G004Day1Rest1.cnt,G004,16,contiguous,1,nearest,0.5008,204.082,-0.917
G004Day1Rest1.cnt,G004,16,contiguous,1,linear,0.9962,5.539,30.41
G004Day1Rest1.cnt,G004,16,contiguous,1,spline,0.6555,205.286,-0.968
G004Day1Rest1.cnt,G004,16,contiguous,2,nearest,0.6,142.389,2.139
G004Day1Rest1.cnt,G004,16,contiguous,2,linear,0.9688,6.356,29.146
G004Day1Rest1.cnt,G004,16,contiguous,2,spline,0.6625,213.752,-1.389
G004Day1Rest2.cnt,G004,2,scattered,1,nearest,-0.9569,216.589,-2.784
G004Day1Rest2.cnt,G004,2,scattered,1,linear,0.9882,4.17,31.527
G004Day1Rest2.cnt,G004,2,scattered,1,spline,0.993,82.557,5.594
G004Day1Rest2.cnt,G004,2,scattered,2,nearest,-0.3154,226.33,-23.875
G004Day1Rest2.cnt,G004,2,scattered,2,linear,0.6262,5.477,8.449
G004Day1Rest2.cnt,G004,2,scattered,2,spline,0.0285,34.828,-7.618
G004Day1Rest2.cnt,G004,2,contiguous,1,nearest,-0.6347,191.639,-6.178
G004Day1Rest2.cnt,G004,2,contiguous,1,linear,0.9879,8.486,20.897
G004Day1Rest2.cnt,G004,2,contiguous,1,spline,-0.9837,301.49,-10.114
G004Day1Rest2.cnt,G004,2,contiguous,2,nearest,0.9391,75.974,1.567
G004Day1Rest2.cnt,G004,2,contiguous,2,linear,0.9964,4.765,25.619
G004Day1Rest2.cnt,G004,2,contiguous,2,spline,0.9952,51.22,4.992
G004Day1Rest2.cnt,G004,8,scattered,1,nearest,0.709,147.112,1.508
G004Day1Rest2.cnt,G004,8,scattered,1,linear,0.9855,6.006,29.29
G004Day1Rest2.cnt,G004,8,scattered,1,spline,0.4973,170.015,0.251
G004Day1Rest2.cnt,G004,8,scattered,2,nearest,0.1135,198.58,-2.377
G004Day1Rest2.cnt,G004,8,scattered,2,linear,0.9353,5.353,29.009
G004Day1Rest2.cnt,G004,8,scattered,2,spline,0.726,115.657,2.318
G004Day1Rest2.cnt,G004,8,contiguous,1,nearest,0.227,181.426,1.135
G004Day1Rest2.cnt,G004,8,contiguous,1,linear,0.9186,7.246,29.107
G004Day1Rest2.cnt,G004,8,contiguous,1,spline,-0.2478,210.642,-0.162
G004Day1Rest2.cnt,G004,8,contiguous,2,nearest,0.0416,199.93,-2.022
G004Day1Rest2.cnt,G004,8,contiguous,2,linear,0.9872,5.173,29.721
G004Day1Rest2.cnt,G004,8,contiguous,2,spline,0.2497,177.14,-0.97
G004Day1Rest2.cnt,G004,16,scattered,1,nearest,0.4216,198.385,-1.307
G004Day1Rest2.cnt,G004,16,scattered,1,linear,0.9714,5.942,29.165
G004Day1Rest2.cnt,G004,16,scattered,1,spline,0.3768,139.673,1.741
G004Day1Rest2.cnt,G004,16,scattered,2,nearest,0.4483,155.463,-0.347
G004Day1Rest2.cnt,G004,16,scattered,2,linear,0.9884,5.933,28.02
G004Day1Rest2.cnt,G004,16,scattered,2,spline,0.2539,154.356,-0.285
G004Day1Rest2.cnt,G004,16,contiguous,1,nearest,0.2688,229.987,0.058
G004Day1Rest2.cnt,G004,16,contiguous,1,linear,0.9859,7.811,29.439
G004Day1Rest2.cnt,G004,16,contiguous,1,spline,-0.3959,243.159,-0.425
G004Day1Rest2.cnt,G004,16,contiguous,2,nearest,0.0026,302.628,-2.46
G004Day1Rest2.cnt,G004,16,contiguous,2,linear,0.9826,8.354,28.72
G004Day1Rest2.cnt,G004,16,contiguous,2,spline,-0.1333,363.329,-4.048
G004Day2Rest1.cnt,G004,2,scattered,1,nearest,-0.0013,1791.393,-3.798
G004Day2Rest1.cnt,G004,2,scattered,1,linear,0.9951,15.59,37.409
G004Day2Rest1.cnt,G004,2,scattered,1,spline,-0.0467,1402.054,-1.67
G004Day2Rest1.cnt,G004,2,scattered,2,nearest,0.0088,823.734,0.397
G004Day2Rest1.cnt,G004,2,scattered,2,linear,0.9996,13.493,36.11
G004Day2Rest1.cnt,G004,2,scattered,2,spline,0.0238,797.67,0.676
G004Day2Rest1.cnt,G004,2,contiguous,1,nearest,0.9465,569.964,-2.601
G004Day2Rest1.cnt,G004,2,contiguous,1,linear,0.9397,12.363,30.674
G004Day2Rest1.cnt,G004,2,contiguous,1,spline,-0.9296,832.505,-5.892
G004Day2Rest1.cnt,G004,2,contiguous,2,nearest,0.2594,450.366,-2.435
G004Day2Rest1.cnt,G004,2,contiguous,2,linear,0.9954,14.904,27.17
G004Day2Rest1.cnt,G004,2,contiguous,2,spline,-0.0027,969.871,-9.098
G004Day2Rest1.cnt,G004,8,scattered,1,nearest,0.4965,1259.271,-1.659
G004Day2Rest1.cnt,G004,8,scattered,1,linear,0.9966,21.276,33.786
G004Day2Rest1.cnt,G004,8,scattered,1,spline,0.2484,1171.106,-1.028
G004Day2Rest1.cnt,G004,8,scattered,2,nearest,0.2568,772.99,-2.154
G004Day2Rest1.cnt,G004,8,scattered,2,linear,0.9973,21.834,28.827
G004Day2Rest1.cnt,G004,8,scattered,2,spline,-0.7087,978.719,-4.203
G004Day2Rest1.cnt,G004,8,contiguous,1,nearest,0.2496,1413.232,-2.434
G004Day2Rest1.cnt,G004,8,contiguous,1,linear,0.9982,20.431,34.365
G004Day2Rest1.cnt,G004,8,contiguous,1,spline,0.2501,1085.584,-0.143
G004Day2Rest1.cnt,G004,8,contiguous,2,nearest,0.0582,1054.982,-2.114
G004Day2Rest1.cnt,G004,8,contiguous,2,linear,0.9413,17.638,33.422
G004Day2Rest1.cnt,G004,8,contiguous,2,spline,0.2437,818.955,0.085
G004Day2Rest1.cnt,G004,16,scattered,1,nearest,0.3051,886.218,-1.089
G004Day2Rest1.cnt,G004,16,scattered,1,linear,0.9796,16.457,33.535
G004Day2Rest1.cnt,G004,16,scattered,1,spline,-0.0837,1040.422,-2.482
G004Day2Rest1.cnt,G004,16,scattered,2,nearest,0.1626,1077.566,-2.342
G004Day2Rest1.cnt,G004,16,scattered,2,linear,0.9938,22.348,31.322
G004Day2Rest1.cnt,G004,16,scattered,2,spline,0.0067,974.582,-1.469
G004Day2Rest1.cnt,G004,16,contiguous,1,nearest,0.2775,1075.258,-4.128
G004Day2Rest1.cnt,G004,16,contiguous,1,linear,0.9702,30.39,26.848
G004Day2Rest1.cnt,G004,16,contiguous,1,spline,0.2777,1055.598,-3.968
G004Day2Rest1.cnt,G004,16,contiguous,2,nearest,-0.631,1396.36,-5.179
G004Day2Rest1.cnt,G004,16,contiguous,2,linear,0.8399,29.678,28.272
G004Day2Rest1.cnt,G004,16,contiguous,2,spline,-0.0956,990.041,-2.192
G004Day2Rest2.cnt,G004,2,scattered,1,nearest,0.2758,247.426,3.623
G004Day2Rest2.cnt,G004,2,scattered,1,linear,0.9984,15.879,27.475
G004Day2Rest2.cnt,G004,2,scattered,1,spline,0.002,516.582,-2.771
G004Day2Rest2.cnt,G004,2,scattered,2,nearest,0.9734,383.155,0.881
G004Day2Rest2.cnt,G004,2,scattered,2,linear,0.9994,8.642,33.816
G004Day2Rest2.cnt,G004,2,scattered,2,spline,0.052,342.774,1.848
G004Day2Rest2.cnt,G004,2,contiguous,1,nearest,0.9959,422.439,-7.726
G004Day2Rest2.cnt,G004,2,contiguous,1,linear,0.9974,8.13,26.587
G004Day2Rest2.cnt,G004,2,contiguous,1,spline,0.0159,198.691,-1.174
G004Day2Rest2.cnt,G004,2,contiguous,2,nearest,0.9853,864.426,0.84
G004Day2Rest2.cnt,G004,2,contiguous,2,linear,0.9841,7.507,42.065
G004Day2Rest2.cnt,G004,2,contiguous,2,spline,0.9862,851.895,0.967
G004Day2Rest2.cnt,G004,8,scattered,1,nearest,-0.083,720.981,-2.667
G004Day2Rest2.cnt,G004,8,scattered,1,linear,0.9332,15.892,30.468
G004Day2Rest2.cnt,G004,8,scattered,1,spline,0.6432,526.833,0.058
G004Day2Rest2.cnt,G004,8,scattered,2,nearest,0.2619,827.964,-3.486
G004Day2Rest2.cnt,G004,8,scattered,2,linear,0.9527,11.053,34.005
G004Day2Rest2.cnt,G004,8,scattered,2,spline,-0.3705,658.012,-1.49
G004Day2Rest2.cnt,G004,8,contiguous,1,nearest,0.0789,723.039,-0.033
G004Day2Rest2.cnt,G004,8,contiguous,1,linear,0.98,11.254,36.124
G004Day2Rest2.cnt,G004,8,contiguous,1,spline,0.307,600.125,1.586
G004Day2Rest2.cnt,G004,8,contiguous,2,nearest,0.2502,660.921,-1.039
G004Day2Rest2.cnt,G004,8,contiguous,2,linear,0.9927,10.846,34.659
G004Day2Rest2.cnt,G004,8,contiguous,2,spline,0.2689,577.448,0.134
G004Day2Rest2.cnt,G004,16,scattered,1,nearest,0.2481,742.468,-3.608
G004Day2Rest2.cnt,G004,16,scattered,1,linear,0.8593,19.645,27.94
G004Day2Rest2.cnt,G004,16,scattered,1,spline,0.2078,607.919,-1.872
G004Day2Rest2.cnt,G004,16,scattered,2,nearest,0.3222,634.76,-1.786
G004Day2Rest2.cnt,G004,16,scattered,2,linear,0.9805,16.979,29.668
G004Day2Rest2.cnt,G004,16,scattered,2,spline,0.019,596.081,-1.24
G004Day2Rest2.cnt,G004,16,contiguous,1,nearest,0.0148,1026.588,-2.365
G004Day2Rest2.cnt,G004,16,contiguous,1,linear,0.9108,19.747,31.953
G004Day2Rest2.cnt,G004,16,contiguous,1,spline,-0.2868,920.473,-1.417
G004Day2Rest2.cnt,G004,16,contiguous,2,nearest,0.0224,726.984,-2.535
G004Day2Rest2.cnt,G004,16,contiguous,2,linear,0.9274,18.919,29.158
G004Day2Rest2.cnt,G004,16,contiguous,2,spline,0.3092,816.256,-3.541
G004Day3Rest1.cnt,G004,2,scattered,1,nearest,0.3533,97.671,6.032
G004Day3Rest1.cnt,G004,2,scattered,1,linear,0.9977,5.622,30.829
G004Day3Rest1.cnt,G004,2,scattered,1,spline,0.0457,161.718,1.653
G004Day3Rest1.cnt,G004,2,scattered,2,nearest,-0.0815,229.832,-3.916
G004Day3Rest1.cnt,G004,2,scattered,2,linear,0.9721,13.585,20.651
G004Day3Rest1.cnt,G004,2,scattered,2,spline,0.3131,144.563,0.111
G004Day3Rest1.cnt,G004,2,contiguous,1,nearest,0.2831,138.684,1.319
G004Day3Rest1.cnt,G004,2,contiguous,1,linear,0.9935,13.941,21.274
G004Day3Rest1.cnt,G004,2,contiguous,1,spline,0.5554,152.511,0.494
G004Day3Rest1.cnt,G004,2,contiguous,2,nearest,0.0358,254.87,-3.258
G004Day3Rest1.cnt,G004,2,contiguous,2,linear,0.9856,16.716,20.406
G004Day3Rest1.cnt,G004,2,contiguous,2,spline,-0.4214,263.419,-3.545
G004Day3Rest1.cnt,G004,8,scattered,1,nearest,0.2401,266.413,-4.179
G004Day3Rest1.cnt,G004,8,scattered,1,linear,0.9833,11.138,23.396
G004Day3Rest1.cnt,G004,8,scattered,1,spline,-0.046,221.08,-2.558
G004Day3Rest1.cnt,G004,8,scattered,2,nearest,0.102,212.899,-3.829
G004Day3Rest1.cnt,G004,8,scattered,2,linear,0.9744,12.204,21.005
G004Day3Rest1.cnt,G004,8,scattered,2,spline,0.4725,129.909,0.462
G004Day3Rest1.cnt,G004,8,contiguous,1,nearest,-0.076,531.573,-12.454
G004Day3Rest1.cnt,G004,8,contiguous,1,linear,0.9864,12.328,20.239
G004Day3Rest1.cnt,G004,8,contiguous,1,spline,-0.2272,342.589,-8.639
G004Day3Rest1.cnt,G004,8,contiguous,2,nearest,0.0427,307.716,-1.708
G004Day3Rest1.cnt,G004,8,contiguous,2,linear,0.9937,13.859,25.221
G004Day3Rest1.cnt,G004,8,contiguous,2,spline,0.3294,213.276,1.476
G004Day3Rest1.cnt,G004,16,scattered,1,nearest,-0.1512,432.645,-1.299
G004Day3Rest1.cnt,G004,16,scattered,1,linear,0.9277,334.241,0.942
G004Day3Rest1.cnt,G004,16,scattered,1,spline,0.0599,380.591,-0.186
G004Day3Rest1.cnt,G004,16,scattered,2,nearest,0.2,224.853,-4.874
G004Day3Rest1.cnt,G004,16,scattered,2,linear,0.9703,28.55,13.052
G004Day3Rest1.cnt,G004,16,scattered,2,spline,0.1145,257.811,-6.062
G004Day3Rest1.cnt,G004,16,contiguous,1,nearest,0.1573,377.673,-0.335
G004Day3Rest1.cnt,G004,16,contiguous,1,linear,0.9091,335.252,0.7
G004Day3Rest1.cnt,G004,16,contiguous,1,spline,0.1443,403.159,-0.902
G004Day3Rest1.cnt,G004,16,contiguous,2,nearest,0.3312,237.77,-0.828
G004Day3Rest1.cnt,G004,16,contiguous,2,linear,0.9935,12.204,24.965
G004Day3Rest1.cnt,G004,16,contiguous,2,spline,0.3574,240.093,-0.912
G004Day3Rest2.cnt,G004,2,scattered,1,nearest,-0.6645,591.77,-1.419
G004Day3Rest2.cnt,G004,2,scattered,1,linear,0.9892,14.294,30.921
G004Day3Rest2.cnt,G004,2,scattered,1,spline,0.7033,305.826,4.315
G004Day3Rest2.cnt,G004,2,scattered,2,nearest,0.247,371.137,1.746
G004Day3Rest2.cnt,G004,2,scattered,2,linear,0.999,9.633,33.462
G004Day3Rest2.cnt,G004,2,scattered,2,spline,0.4856,310.92,3.284
G004Day3Rest2.cnt,G004,2,contiguous,1,nearest,-0.7778,1273.966,-10.81
G004Day3Rest2.cnt,G004,2,contiguous,1,linear,0.9952,9.724,31.536
G004Day3Rest2.cnt,G004,2,contiguous,1,spline,-0.3609,586.768,-4.076
G004Day3Rest2.cnt,G004,2,contiguous,2,nearest,-0.4364,697.661,-4.807
G004Day3Rest2.cnt,G004,2,contiguous,2,linear,0.8988,24.974,24.116
G004Day3Rest2.cnt,G004,2,contiguous,2,spline,-0.3463,788.76,-5.873
G004Day3Rest2.cnt,G004,8,scattered,1,nearest,0.1412,715.585,-6.89
G004Day3Rest2.cnt,G004,8,scattered,1,linear,0.943,22.764,23.059
G004Day3Rest2.cnt,G004,8,scattered,1,spline,0.2745,410.073,-2.054
G004Day3Rest2.cnt,G004,8,scattered,2,nearest,0.3822,488.471,-0.416
G004Day3Rest2.cnt,G004,8,scattered,2,linear,0.8813,31.6,23.368
G004Day3Rest2.cnt,G004,8,scattered,2,spline,0.366,435.816,0.575
G004Day3Rest2.cnt,G004,8,contiguous,1,nearest,-0.1525,792.246,-7.509
G004Day3Rest2.cnt,G004,8,contiguous,1,linear,0.9336,25.444,22.357
G004Day3Rest2.cnt,G004,8,contiguous,1,spline,-0.5125,703.312,-6.474
G004Day3Rest2.cnt,G004,8,contiguous,2,nearest,-0.0694,748.5,-5.901
G004Day3Rest2.cnt,G004,8,contiguous,2,linear,0.9791,29.205,22.274
G004Day3Rest2.cnt,G004,8,contiguous,2,spline,-0.1258,736.738,-5.763
G004Day3Rest2.cnt,G004,16,scattered,1,nearest,0.1945,704.266,-3.371
G004Day3Rest2.cnt,G004,16,scattered,1,linear,0.9509,26.013,25.28
G004Day3Rest2.cnt,G004,16,scattered,1,spline,0.1562,536.911,-1.014
G004Day3Rest2.cnt,G004,16,scattered,2,nearest,0.0117,649.366,-3.202
G004Day3Rest2.cnt,G004,16,scattered,2,linear,0.9707,27.25,24.34
G004Day3Rest2.cnt,G004,16,scattered,2,spline,-0.0461,625.773,-2.881
G004Day3Rest2.cnt,G004,16,contiguous,1,nearest,0.4335,461.956,-0.358
G004Day3Rest2.cnt,G004,16,contiguous,1,linear,0.9451,26.797,24.372
G004Day3Rest2.cnt,G004,16,contiguous,1,spline,0.2492,699.38,-3.96
G004Day3Rest2.cnt,G004,16,contiguous,2,nearest,0.2882,694.335,-3.325
G004Day3Rest2.cnt,G004,16,contiguous,2,linear,0.9456,25.551,25.358
G004Day3Rest2.cnt,G004,16,contiguous,2,spline,0.2971,639.239,-2.607
G004Day4Rest1.cnt,G004,2,scattered,1,nearest,-0.5023,49.815,-6.342
G004Day4Rest1.cnt,G004,2,scattered,1,linear,0.8583,4.666,14.225
G004Day4Rest1.cnt,G004,2,scattered,1,spline,-0.295,35.661,-3.439
G004Day4Rest1.cnt,G004,2,scattered,2,nearest,0.7956,12.179,-2.674
G004Day4Rest1.cnt,G004,2,scattered,2,linear,0.9541,2.115,12.534
G004Day4Rest1.cnt,G004,2,scattered,2,spline,0.751,11.294,-2.018
G004Day4Rest1.cnt,G004,2,contiguous,1,nearest,0.6646,7.678,-1.773
G004Day4Rest1.cnt,G004,2,contiguous,1,linear,0.945,1.958,10.093
G004Day4Rest1.cnt,G004,2,contiguous,1,spline,0.8249,5.962,0.423
G004Day4Rest1.cnt,G004,2,contiguous,2,nearest,0.4464,22.949,-11.752
G004Day4Rest1.cnt,G004,2,contiguous,2,linear,0.8973,2.44,7.715
G004Day4Rest1.cnt,G004,2,contiguous,2,spline,0.7887,7.857,-2.442
G004Day4Rest1.cnt,G004,8,scattered,1,nearest,0.5977,19.05,-5.375
G004Day4Rest1.cnt,G004,8,scattered,1,linear,0.8593,3.208,10.097
G004Day4Rest1.cnt,G004,8,scattered,1,spline,0.7926,9.025,1.114
G004Day4Rest1.cnt,G004,8,scattered,2,nearest,0.7015,12.051,1.071
G004Day4Rest1.cnt,G004,8,scattered,2,linear,0.9541,2.281,15.528
G004Day4Rest1.cnt,G004,8,scattered,2,spline,0.7903,10.509,2.26
G004Day4Rest1.cnt,G004,8,contiguous,1,nearest,0.7858,14.839,1.07
G004Day4Rest1.cnt,G004,8,contiguous,1,linear,0.9258,3.221,14.337
G004Day4Rest1.cnt,G004,8,contiguous,1,spline,0.6387,16.685,0.051
G004Day4Rest1.cnt,G004,8,contiguous,2,nearest,0.7741,18.188,-1.735
G004Day4Rest1.cnt,G004,8,contiguous,2,linear,0.8889,4.278,10.836
G004Day4Rest1.cnt,G004,8,contiguous,2,spline,0.8462,16.175,-0.716
G004Day4Rest1.cnt,G004,16,scattered,1,nearest,0.7346,14.432,0.281
G004Day4Rest1.cnt,G004,16,scattered,1,linear,0.9046,3.479,12.639
G004Day4Rest1.cnt,G004,16,scattered,1,spline,0.7129,15.528,-0.354
G004Day4Rest1.cnt,G004,16,scattered,2,nearest,0.5842,15.666,-0.443
G004Day4Rest1.cnt,G004,16,scattered,2,linear,0.8711,2.986,13.956
G004Day4Rest1.cnt,G004,16,scattered,2,spline,0.665,15.227,-0.197
G004Day4Rest1.cnt,G004,16,contiguous,1,nearest,0.5596,23.469,-1.841
G004Day4Rest1.cnt,G004,16,contiguous,1,linear,0.9029,4.472,12.56
G004Day4Rest1.cnt,G004,16,contiguous,1,spline,0.5225,22.785,-1.584
G004Day4Rest1.cnt,G004,16,contiguous,2,nearest,0.7065,16.979,0.143
G004Day4Rest1.cnt,G004,16,contiguous,2,linear,0.8926,4.674,11.347
G004Day4Rest1.cnt,G004,16,contiguous,2,spline,0.8225,22.979,-2.486
G004Day4Rest2.cnt,G004,2,scattered,1,nearest,0.0051,237.018,1.291
G004Day4Rest2.cnt,G004,2,scattered,1,linear,0.9975,5.805,33.511
G004Day4Rest2.cnt,G004,2,scattered,1,spline,0.0035,271.876,0.099
G004Day4Rest2.cnt,G004,2,scattered,2,nearest,-0.9964,535.932,-5.048
G004Day4Rest2.cnt,G004,2,scattered,2,linear,0.9996,5.092,35.396
G004Day4Rest2.cnt,G004,2,scattered,2,spline,-0.9395,326.479,-0.743
G004Day4Rest2.cnt,G004,2,contiguous,1,nearest,0.0024,253.181,-6.992
G004Day4Rest2.cnt,G004,2,contiguous,1,linear,0.9989,3.443,30.337
G004Day4Rest2.cnt,G004,2,contiguous,1,spline,0.0017,275.994,-7.741
G004Day4Rest2.cnt,G004,2,contiguous,2,nearest,0.0001,492.063,-2.317
G004Day4Rest2.cnt,G004,2,contiguous,2,linear,0.9994,7.37,34.174
G004Day4Rest2.cnt,G004,2,contiguous,2,spline,-0.9975,525.887,-2.895
G004Day4Rest2.cnt,G004,8,scattered,1,nearest,-0.1569,330.771,-0.737
G004Day4Rest2.cnt,G004,8,scattered,1,linear,0.9801,6.076,33.981
G004Day4Rest2.cnt,G004,8,scattered,1,spline,-0.2218,302.337,0.043
G004Day4Rest2.cnt,G004,8,scattered,2,nearest,0.1048,326.822,-0.073
G004Day4Rest2.cnt,G004,8,scattered,2,linear,0.9969,6.543,33.897
G004Day4Rest2.cnt,G004,8,scattered,2,spline,0.0207,300.626,0.653
G004Day4Rest2.cnt,G004,8,contiguous,1,nearest,0.014,317.544,-2.495
G004Day4Rest2.cnt,G004,8,contiguous,1,linear,0.9577,7.03,30.602
G004Day4Rest2.cnt,G004,8,contiguous,1,spline,-0.6963,379.155,-4.035
G004Day4Rest2.cnt,G004,8,contiguous,2,nearest,-0.4887,355.082,-5.07
G004Day4Rest2.cnt,G004,8,contiguous,2,linear,0.9557,7.246,28.735
G004Day4Rest2.cnt,G004,8,contiguous,2,spline,-0.1432,276.394,-2.894
G004Day4Rest2.cnt,G004,16,scattered,1,nearest,-0.1031,333.435,-2.935
G004Day4Rest2.cnt,G004,16,scattered,1,linear,0.9825,6.103,31.814
G004Day4Rest2.cnt,G004,16,scattered,1,spline,0.2196,271.589,-1.153
G004Day4Rest2.cnt,G004,16,scattered,2,nearest,-0.454,329.024,-3.039
G004Day4Rest2.cnt,G004,16,scattered,2,linear,0.9854,6.889,30.541
G004Day4Rest2.cnt,G004,16,scattered,2,spline,-0.0697,304.686,-2.372
G004Day4Rest2.cnt,G004,16,contiguous,1,nearest,-0.2252,337.884,-3.531
G004Day4Rest2.cnt,G004,16,contiguous,1,linear,0.9298,8.32,28.642
G004Day4Rest2.cnt,G004,16,contiguous,1,spline,-0.2461,413.717,-5.29
G004Day4Rest2.cnt,G004,16,contiguous,2,nearest,-0.2252,337.884,-3.531
G004Day4Rest2.cnt,G004,16,contiguous,2,linear,0.9298,8.32,28.642
G004Day4Rest2.cnt,G004,16,contiguous,2,spline,-0.2461,413.717,-5.29
G005Day1Rest1.cnt,G005,2,scattered,1,nearest,0.9113,5.189,6.707
G005Day1Rest1.cnt,G005,2,scattered,1,linear,0.9342,4.51,7.925
G005Day1Rest1.cnt,G005,2,scattered,1,spline,0.9441,3.801,9.411
G005Day1Rest1.cnt,G005,2,scattered,2,nearest,0.8913,4.654,6.824
G005Day1Rest1.cnt,G005,2,scattered,2,linear,0.9601,3.275,9.877
G005Day1Rest1.cnt,G005,2,scattered,2,spline,0.9584,2.848,11.09
G005Day1Rest1.cnt,G005,2,contiguous,1,nearest,0.8781,5.205,5.986
G005Day1Rest1.cnt,G005,2,contiguous,1,linear,0.991,1.239,18.451
G005Day1Rest1.cnt,G005,2,contiguous,1,spline,0.9874,1.649,15.972
G005Day1Rest1.cnt,G005,2,contiguous,2,nearest,0.7328,5.248,1.995
G005Day1Rest1.cnt,G005,2,contiguous,2,linear,0.9829,1.186,14.914
G005Day1Rest1.cnt,G005,2,contiguous,2,spline,0.9815,1.313,14.033
G005Day1Rest1.cnt,G005,8,scattered,1,nearest,0.8715,5.466,5.222
G005Day1Rest1.cnt,G005,8,scattered,1,linear,0.9673,2.549,11.849
G005Day1Rest1.cnt,G005,8,scattered,1,spline,0.9583,2.947,10.589
G005Day1Rest1.cnt,G005,8,scattered,2,nearest,0.8319,4.798,4.587
G005Day1Rest1.cnt,G005,8,scattered,2,linear,0.9179,3.06,8.495
G005Day1Rest1.cnt,G005,8,scattered,2,spline,0.9345,2.846,9.123
G005Day1Rest1.cnt,G005,8,contiguous,1,nearest,0.7904,5.404,4.237
G005Day1Rest1.cnt,G005,8,contiguous,1,linear,0.8906,3.668,7.603
G005Day1Rest1.cnt,G005,8,contiguous,1,spline,0.892,4.285,6.252
G005Day1Rest1.cnt,G005,8,contiguous,2,nearest,0.8329,6.261,5.175
G005Day1Rest1.cnt,G005,8,contiguous,2,linear,0.9455,3.269,10.818
G005Day1Rest1.cnt,G005,8,contiguous,2,spline,0.9407,3.846,9.407
G005Day1Rest1.cnt,G005,16,scattered,1,nearest,0.8696,4.867,5.868
G005Day1Rest1.cnt,G005,16,scattered,1,linear,0.9494,3.036,9.966
G005Day1Rest1.cnt,G005,16,scattered,1,spline,0.9501,2.976,10.141
G005Day1Rest1.cnt,G005,16,scattered,2,nearest,0.8159,5.442,4.799
G005Day1Rest1.cnt,G005,16,scattered,2,linear,0.9405,2.967,10.068
G005Day1Rest1.cnt,G005,16,scattered,2,spline,0.9345,3.112,9.654
G005Day1Rest1.cnt,G005,16,contiguous,1,nearest,0.7632,6.194,4.032
G005Day1Rest1.cnt,G005,16,contiguous,1,linear,0.9035,4.091,7.636
G005Day1Rest1.cnt,G005,16,contiguous,1,spline,0.8378,5.898,4.458
G005Day1Rest1.cnt,G005,16,contiguous,2,nearest,0.7509,6.409,2.881
G005Day1Rest1.cnt,G005,16,contiguous,2,linear,0.9268,3.186,8.952
G005Day1Rest1.cnt,G005,16,contiguous,2,spline,0.9131,3.577,7.947
G005Day1Rest2.cnt,G005,2,scattered,1,nearest,0.9064,5.38,7.064
G005Day1Rest2.cnt,G005,2,scattered,1,linear,0.9868,2.028,15.537
G005Day1Rest2.cnt,G005,2,scattered,1,spline,0.9584,3.687,10.347
G005Day1Rest2.cnt,G005,2,scattered,2,nearest,0.8678,4.612,7.311
G005Day1Rest2.cnt,G005,2,scattered,2,linear,0.9756,2.082,14.221
G005Day1Rest2.cnt,G005,2,scattered,2,spline,0.9568,2.569,12.394
G005Day1Rest2.cnt,G005,2,contiguous,1,nearest,0.7358,6.804,0.345
G005Day1Rest2.cnt,G005,2,contiguous,1,linear,0.9844,1.23,15.202
G005Day1Rest2.cnt,G005,2,contiguous,1,spline,0.9669,2.089,10.602
G005Day1Rest2.cnt,G005,2,contiguous,2,nearest,0.8704,4.193,4.927
G005Day1Rest2.cnt,G005,2,contiguous,2,linear,0.9625,2.039,11.19
G005Day1Rest2.cnt,G005,2,contiguous,2,spline,0.9436,2.628,8.984
G005Day1Rest2.cnt,G005,8,scattered,1,nearest,0.8494,5.034,4.136
G005Day1Rest2.cnt,G005,8,scattered,1,linear,0.9771,1.919,12.512
G005Day1Rest2.cnt,G005,8,scattered,1,spline,0.9636,2.339,10.791
G005Day1Rest2.cnt,G005,8,scattered,2,nearest,0.8317,5.058,5.27
G005Day1Rest2.cnt,G005,8,scattered,2,linear,0.9518,2.535,11.269
G005Day1Rest2.cnt,G005,8,scattered,2,spline,0.9304,3.261,9.083
G005Day1Rest2.cnt,G005,8,contiguous,1,nearest,0.8135,4.896,3.086
G005Day1Rest2.cnt,G005,8,contiguous,1,linear,0.962,1.839,11.593
G005Day1Rest2.cnt,G005,8,contiguous,1,spline,0.9537,2.081,10.517
G005Day1Rest2.cnt,G005,8,contiguous,2,nearest,0.8009,7.082,4.266
G005Day1Rest2.cnt,G005,8,contiguous,2,linear,0.9313,3.952,9.334
G005Day1Rest2.cnt,G005,8,contiguous,2,spline,0.9045,4.962,7.356
G005Day1Rest2.cnt,G005,16,scattered,1,nearest,0.8447,4.52,4.609
G005Day1Rest2.cnt,G005,16,scattered,1,linear,0.9553,2.284,10.539
G005Day1Rest2.cnt,G005,16,scattered,1,spline,0.9383,2.763,8.885
G005Day1Rest2.cnt,G005,16,scattered,2,nearest,0.8365,5.688,4.924
G005Day1Rest2.cnt,G005,16,scattered,2,linear,0.9643,2.273,12.891
G005Day1Rest2.cnt,G005,16,scattered,2,spline,0.9507,3.065,10.295
G005Day1Rest2.cnt,G005,16,contiguous,1,nearest,0.8219,7.408,4.809
G005Day1Rest2.cnt,G005,16,contiguous,1,linear,0.9096,5.108,8.039
G005Day1Rest2.cnt,G005,16,contiguous,1,spline,0.9046,5.683,7.112
G005Day1Rest2.cnt,G005,16,contiguous,2,nearest,0.8011,6.835,4.342
G005Day1Rest2.cnt,G005,16,contiguous,2,linear,0.9275,4.547,7.882
G005Day1Rest2.cnt,G005,16,contiguous,2,spline,0.9223,4.631,7.724
G005Day2Rest1.cnt,G005,2,scattered,1,nearest,0.9082,5.789,4.772
G005Day2Rest1.cnt,G005,2,scattered,1,linear,0.9587,2.594,11.746
G005Day2Rest1.cnt,G005,2,scattered,1,spline,0.957,2.793,11.101
G005Day2Rest1.cnt,G005,2,scattered,2,nearest,0.7708,6.699,3.813
G005Day2Rest1.cnt,G005,2,scattered,2,linear,0.993,1.25,18.398
G005Day2Rest1.cnt,G005,2,scattered,2,spline,0.9848,2.03,14.185
G005Day2Rest1.cnt,G005,2,contiguous,1,nearest,0.8985,5.316,8.374
G005Day2Rest1.cnt,G005,2,contiguous,1,linear,0.9473,3.672,11.586
G005Day2Rest1.cnt,G005,2,contiguous,1,spline,0.9451,3.88,11.108
G005Day2Rest1.cnt,G005,2,contiguous,2,nearest,0.7551,5.416,2.749
G005Day2Rest1.cnt,G005,2,contiguous,2,linear,0.9101,3.178,7.38
G005Day2Rest1.cnt,G005,2,contiguous,2,spline,0.8961,3.417,6.751
G005Day2Rest1.cnt,G005,8,scattered,1,nearest,0.8632,5.84,4.624
G005Day2Rest1.cnt,G005,8,scattered,1,linear,0.9592,2.603,11.644
G005Day2Rest1.cnt,G005,8,scattered,1,spline,0.9496,3.117,10.078
G005Day2Rest1.cnt,G005,8,scattered,2,nearest,0.864,4.685,5.397
G005Day2Rest1.cnt,G005,8,scattered,2,linear,0.987,1.327,16.351
G005Day2Rest1.cnt,G005,8,scattered,2,spline,0.9712,2.259,11.733
G005Day2Rest1.cnt,G005,8,contiguous,1,nearest,0.8061,7.193,4.23
G005Day2Rest1.cnt,G005,8,contiguous,1,linear,0.9368,4.112,9.087
G005Day2Rest1.cnt,G005,8,contiguous,1,spline,0.8779,5.913,5.933
G005Day2Rest1.cnt,G005,8,contiguous,2,nearest,0.886,4.401,5.954
G005Day2Rest1.cnt,G005,8,contiguous,2,linear,0.9604,2.35,11.403
G005Day2Rest1.cnt,G005,8,contiguous,2,spline,0.9542,2.736,10.083
G005Day2Rest1.cnt,G005,16,scattered,1,nearest,0.8531,4.929,5.575
G005Day2Rest1.cnt,G005,16,scattered,1,linear,0.9633,2.268,12.317
G005Day2Rest1.cnt,G005,16,scattered,1,spline,0.9536,2.723,10.727
G005Day2Rest1.cnt,G005,16,scattered,2,nearest,0.8385,5.235,4.622
G005Day2Rest1.cnt,G005,16,scattered,2,linear,0.9686,2.09,12.599
G005Day2Rest1.cnt,G005,16,scattered,2,spline,0.956,2.736,10.257
G005Day2Rest1.cnt,G005,16,contiguous,1,nearest,0.7899,7.001,2.38
G005Day2Rest1.cnt,G005,16,contiguous,1,linear,0.9089,3.618,8.114
G005Day2Rest1.cnt,G005,16,contiguous,1,spline,0.8148,6.7,2.761
G005Day2Rest1.cnt,G005,16,contiguous,2,nearest,0.734,7.235,3.211
G005Day2Rest1.cnt,G005,16,contiguous,2,linear,0.9076,4.201,7.933
G005Day2Rest1.cnt,G005,16,contiguous,2,spline,0.8749,5.182,6.11
G005Day2Rest2.cnt,G005,2,scattered,1,nearest,0.7732,13.766,1.04
G005Day2Rest2.cnt,G005,2,scattered,1,linear,0.9642,3.118,13.938
G005Day2Rest2.cnt,G005,2,scattered,1,spline,0.8359,7.537,6.272
G005Day2Rest2.cnt,G005,2,scattered,2,nearest,0.2814,15.412,-4.562
G005Day2Rest2.cnt,G005,2,scattered,2,linear,0.9796,1.989,13.224
G005Day2Rest2.cnt,G005,2,scattered,2,spline,0.4689,10.36,-1.112
G005Day2Rest2.cnt,G005,2,contiguous,1,nearest,0.7295,8.942,3.116
G005Day2Rest2.cnt,G005,2,contiguous,1,linear,0.9812,2.955,12.734
G005Day2Rest2.cnt,G005,2,contiguous,1,spline,0.9683,3.579,11.07
G005Day2Rest2.cnt,G005,2,contiguous,2,nearest,0.0791,17.167,-5.235
G005Day2Rest2.cnt,G005,2,contiguous,2,linear,0.9714,2.39,11.891
G005Day2Rest2.cnt,G005,2,contiguous,2,spline,0.5811,8.118,1.27
G005Day2Rest2.cnt,G005,8,scattered,1,nearest,0.6354,12.963,2.579
G005Day2Rest2.cnt,G005,8,scattered,1,linear,0.9678,3.197,14.74
G005Day2Rest2.cnt,G005,8,scattered,1,spline,0.6682,11.926,3.304
G005Day2Rest2.cnt,G005,8,scattered,2,nearest,0.5451,15.769,-0.686
G005Day2Rest2.cnt,G005,8,scattered,2,linear,0.9676,3.351,12.768
G005Day2Rest2.cnt,G005,8,scattered,2,spline,0.7939,11.189,2.295
G005Day2Rest2.cnt,G005,8,contiguous,1,nearest,0.773,14.997,1.446
G005Day2Rest2.cnt,G005,8,contiguous,1,linear,0.9686,3.551,13.96
G005Day2Rest2.cnt,G005,8,contiguous,1,spline,0.7819,11.689,3.611
G005Day2Rest2.cnt,G005,8,contiguous,2,nearest,0.475,16.861,-1.846
G005Day2Rest2.cnt,G005,8,contiguous,2,linear,0.9625,3.334,12.233
G005Day2Rest2.cnt,G005,8,contiguous,2,spline,0.5971,12.205,0.961
G005Day2Rest2.cnt,G005,16,scattered,1,nearest,0.5339,14.592,0.282
G005Day2Rest2.cnt,G005,16,scattered,1,linear,0.9655,3.485,12.72
G005Day2Rest2.cnt,G005,16,scattered,1,spline,0.6469,13.192,1.157
G005Day2Rest2.cnt,G005,16,scattered,2,nearest,0.6807,14.394,1.99
G005Day2Rest2.cnt,G005,16,scattered,2,linear,0.967,3.844,13.457
G005Day2Rest2.cnt,G005,16,scattered,2,spline,0.5831,15.788,1.187
G005Day2Rest2.cnt,G005,16,contiguous,1,nearest,0.7191,16.507,2.377
G005Day2Rest2.cnt,G005,16,contiguous,1,linear,0.9237,6.974,9.86
G005Day2Rest2.cnt,G005,16,contiguous,1,spline,0.8108,19.357,0.993
G005Day2Rest2.cnt,G005,16,contiguous,2,nearest,0.5341,16.279,-0.336
G005Day2Rest2.cnt,G005,16,contiguous,2,linear,0.8908,6.647,7.443
G005Day2Rest2.cnt,G005,16,contiguous,2,spline,0.5714,19.066,-1.709
G005Day3Rest1.cnt,G005,2,scattered,1,nearest,0.5675,17.377,-0.345
G005Day3Rest1.cnt,G005,2,scattered,1,linear,0.9764,3.945,12.534
G005Day3Rest1.cnt,G005,2,scattered,1,spline,0.4906,22.241,-2.489
G005Day3Rest1.cnt,G005,2,scattered,2,nearest,0.0703,25.904,-2.348
G005Day3Rest1.cnt,G005,2,scattered,2,linear,0.9839,3.586,14.827
G005Day3Rest1.cnt,G005,2,scattered,2,spline,0.7373,13.074,3.591
G005Day3Rest1.cnt,G005,2,contiguous,1,nearest,0.2345,40.025,-2.479
G005Day3Rest1.cnt,G005,2,contiguous,1,linear,0.9749,6.689,13.06
G005Day3Rest1.cnt,G005,2,contiguous,1,spline,0.0245,35.744,-1.496
G005Day3Rest1.cnt,G005,2,contiguous,2,nearest,0.9444,6.458,9.392
G005Day3Rest1.cnt,G005,2,contiguous,2,linear,0.9904,2.661,17.094
G005Day3Rest1.cnt,G005,2,contiguous,2,spline,0.8658,19.75,-0.317
G005Day3Rest1.cnt,G005,8,scattered,1,nearest,0.7218,20.175,1.999
G005Day3Rest1.cnt,G005,8,scattered,1,linear,0.989,3.184,18.035
G005Day3Rest1.cnt,G005,8,scattered,1,spline,0.6293,27.079,-0.558
G005Day3Rest1.cnt,G005,8,scattered,2,nearest,0.79,17.137,3.071
G005Day3Rest1.cnt,G005,8,scattered,2,linear,0.9844,4.39,14.901
G005Day3Rest1.cnt,G005,8,scattered,2,spline,0.6238,68.822,-9.005
G005Day3Rest1.cnt,G005,8,contiguous,1,nearest,0.7797,15.769,4.566
G005Day3Rest1.cnt,G005,8,contiguous,1,linear,0.9757,4.738,15.011
G005Day3Rest1.cnt,G005,8,contiguous,1,spline,0.6825,61.353,-7.234
G005Day3Rest1.cnt,G005,8,contiguous,2,nearest,0.5982,22.299,-1.79
G005Day3Rest1.cnt,G005,8,contiguous,2,linear,0.9503,5.335,10.633
G005Day3Rest1.cnt,G005,8,contiguous,2,spline,0.7737,86.587,-13.573
G005Day3Rest1.cnt,G005,16,scattered,1,nearest,0.7106,21.183,1.56
G005Day3Rest1.cnt,G005,16,scattered,1,linear,0.9829,4.697,14.644
G005Day3Rest1.cnt,G005,16,scattered,1,spline,0.5358,59.128,-7.356
G005Day3Rest1.cnt,G005,16,scattered,2,nearest,0.6049,172.522,0.014
G005Day3Rest1.cnt,G005,16,scattered,2,linear,0.9193,171.636,0.058
G005Day3Rest1.cnt,G005,16,scattered,2,spline,0.6325,172.461,0.017
G005Day3Rest1.cnt,G005,16,contiguous,1,nearest,0.5397,27.938,0.045
G005Day3Rest1.cnt,G005,16,contiguous,1,linear,0.9698,5.731,13.804
G005Day3Rest1.cnt,G005,16,contiguous,1,spline,0.6041,105.159,-11.469
G005Day3Rest1.cnt,G005,16,contiguous,2,nearest,0.5169,26.085,-0.482
G005Day3Rest1.cnt,G005,16,contiguous,2,linear,0.9768,5.004,13.859
G005Day3Rest1.cnt,G005,16,contiguous,2,spline,0.0045,35.418,-3.139
G005Day3Rest2.cnt,G005,2,scattered,1,nearest,-0.0209,203.138,-0.091
G005Day3Rest2.cnt,G005,2,scattered,1,linear,0.9993,5.373,31.46
G005Day3Rest2.cnt,G005,2,scattered,1,spline,0.7181,175.481,1.18
G005Day3Rest2.cnt,G005,2,scattered,2,nearest,0.0111,161.47,-8.843
G005Day3Rest2.cnt,G005,2,scattered,2,linear,0.9933,6.487,19.078
G005Day3Rest2.cnt,G005,2,scattered,2,spline,0.9614,75.064,-2.19
G005Day3Rest2.cnt,G005,2,contiguous,1,nearest,0.9772,52.777,0.874
G005Day3Rest2.cnt,G005,2,contiguous,1,linear,0.979,9.317,15.937
G005Day3Rest2.cnt,G005,2,contiguous,1,spline,0.9797,71.372,-1.747
G005Day3Rest2.cnt,G005,2,contiguous,2,nearest,0.9122,178.272,-18.129
G005Day3Rest2.cnt,G005,2,contiguous,2,linear,0.9382,7.412,9.494
G005Day3Rest2.cnt,G005,2,contiguous,2,spline,0.2135,86.076,-11.805
G005Day3Rest2.cnt,G005,8,scattered,1,nearest,0.0108,162.772,-2.171
G005Day3Rest2.cnt,G005,8,scattered,1,linear,0.9907,7.419,24.654
G005Day3Rest2.cnt,G005,8,scattered,1,spline,0.401,108.658,1.34
G005Day3Rest2.cnt,G005,8,scattered,2,nearest,-0.1251,151.069,-7.194
G005Day3Rest2.cnt,G005,8,scattered,2,linear,0.9584,10.306,16.128
G005Day3Rest2.cnt,G005,8,scattered,2,spline,0.3108,90.034,-2.699
G005Day3Rest2.cnt,G005,8,contiguous,1,nearest,-0.0456,132.788,-2.933
G005Day3Rest2.cnt,G005,8,contiguous,1,linear,0.9929,9.5,19.976
G005Day3Rest2.cnt,G005,8,contiguous,1,spline,-0.0312,125.017,-2.409
G005Day3Rest2.cnt,G005,8,contiguous,2,nearest,0.4867,86.211,1.662
G005Day3Rest2.cnt,G005,8,contiguous,2,linear,0.9879,8.284,22.008
G005Day3Rest2.cnt,G005,8,contiguous,2,spline,0.4634,84.518,1.834
G005Day3Rest2.cnt,G005,16,scattered,1,nearest,-0.0468,124.595,-1.906
G005Day3Rest2.cnt,G005,16,scattered,1,linear,0.9728,8.217,21.71
G005Day3Rest2.cnt,G005,16,scattered,1,spline,-0.1682,124.294,-1.885
G005Day3Rest2.cnt,G005,16,scattered,2,nearest,0.2165,124.101,-1.991
G005Day3Rest2.cnt,G005,16,scattered,2,linear,0.9866,9.369,20.45
G005Day3Rest2.cnt,G005,16,scattered,2,spline,0.4234,86.222,1.172
G005Day3Rest2.cnt,G005,16,contiguous,1,nearest,0.038,98.781,-1.699
G005Day3Rest2.cnt,G005,16,contiguous,1,linear,0.9585,8.217,19.9
G005Day3Rest2.cnt,G005,16,contiguous,1,spline,-0.2747,136.952,-4.537
G005Day3Rest2.cnt,G005,16,contiguous,2,nearest,-0.0149,125.832,-1.81
G005Day3Rest2.cnt,G005,16,contiguous,2,linear,0.9239,55.083,5.366
G005Day3Rest2.cnt,G005,16,contiguous,2,spline,-0.1562,227.096,-6.938
G005Day4Rest1.cnt,G005,2,scattered,1,nearest,0.7556,5.89,1.541
G005Day4Rest1.cnt,G005,2,scattered,1,linear,0.9921,0.862,18.232
G005Day4Rest1.cnt,G005,2,scattered,1,spline,0.9776,1.517,13.325
G005Day4Rest1.cnt,G005,2,scattered,2,nearest,0.8261,4.026,4.791
G005Day4Rest1.cnt,G005,2,scattered,2,linear,0.9837,1.213,15.213
G005Day4Rest1.cnt,G005,2,scattered,2,spline,0.978,1.474,13.516
G005Day4Rest1.cnt,G005,2,contiguous,1,nearest,0.8301,5.026,5.075
G005Day4Rest1.cnt,G005,2,contiguous,1,linear,0.9891,1.335,16.593
G005Day4Rest1.cnt,G005,2,contiguous,1,spline,0.9833,1.513,15.503
G005Day4Rest1.cnt,G005,2,contiguous,2,nearest,0.872,5.733,6.325
G005Day4Rest1.cnt,G005,2,contiguous,2,linear,0.9866,1.853,16.134
G005Day4Rest1.cnt,G005,2,contiguous,2,spline,0.9683,3.134,11.572
G005Day4Rest1.cnt,G005,8,scattered,1,nearest,0.8405,5.009,5.356
G005Day4Rest1.cnt,G005,8,scattered,1,linear,0.9798,1.67,14.894
G005Day4Rest1.cnt,G005,8,scattered,1,spline,0.9735,2.007,13.3
G005Day4Rest1.cnt,G005,8,scattered,2,nearest,0.7966,5.578,4.967
G005Day4Rest1.cnt,G005,8,scattered,2,linear,0.9827,1.966,14.026
G005Day4Rest1.cnt,G005,8,scattered,2,spline,0.965,2.679,11.337
G005Day4Rest1.cnt,G005,8,contiguous,1,nearest,0.7934,5.318,4.346
G005Day4Rest1.cnt,G005,8,contiguous,1,linear,0.9736,1.921,13.19
G005Day4Rest1.cnt,G005,8,contiguous,1,spline,0.9502,3.098,9.041
G005Day4Rest1.cnt,G005,8,contiguous,2,nearest,0.8303,5.905,6.302
G005Day4Rest1.cnt,G005,8,contiguous,2,linear,0.9199,3.933,9.832
G005Day4Rest1.cnt,G005,8,contiguous,2,spline,0.9191,4.066,9.544
G005Day4Rest1.cnt,G005,16,scattered,1,nearest,0.8563,4.56,6.533
G005Day4Rest1.cnt,G005,16,scattered,1,linear,0.9738,2.159,13.026
G005Day4Rest1.cnt,G005,16,scattered,1,spline,0.9592,2.669,11.187
G005Day4Rest1.cnt,G005,16,scattered,2,nearest,0.8457,5.053,4.36
G005Day4Rest1.cnt,G005,16,scattered,2,linear,0.9666,1.747,13.585
G005Day4Rest1.cnt,G005,16,scattered,2,spline,0.9536,2.46,10.612
G005Day4Rest1.cnt,G005,16,contiguous,1,nearest,0.8212,4.696,4.356
G005Day4Rest1.cnt,G005,16,contiguous,1,linear,0.9573,2.135,11.205
G005Day4Rest1.cnt,G005,16,contiguous,1,spline,0.9246,3.203,7.679
G005Day4Rest1.cnt,G005,16,contiguous,2,nearest,0.7154,6.199,3.217
G005Day4Rest1.cnt,G005,16,contiguous,2,linear,0.9483,2.8,10.119
G005Day4Rest1.cnt,G005,16,contiguous,2,spline,0.9144,3.852,7.35
G005Day4Rest2.cnt,G005,2,scattered,1,nearest,0.9725,2.804,13.377
G005Day4Rest2.cnt,G005,2,scattered,1,linear,0.9981,0.757,24.746
G005Day4Rest2.cnt,G005,2,scattered,1,spline,0.9717,3.45,11.575
G005Day4Rest2.cnt,G005,2,scattered,2,nearest,0.9024,4.214,5.423
G005Day4Rest2.cnt,G005,2,scattered,2,linear,0.9916,1.014,17.797
G005Day4Rest2.cnt,G005,2,scattered,2,spline,0.9797,1.565,14.025
G005Day4Rest2.cnt,G005,2,contiguous,1,nearest,0.8983,6.369,7.074
G005Day4Rest2.cnt,G005,2,contiguous,1,linear,0.9902,2.12,16.627
G005Day4Rest2.cnt,G005,2,contiguous,1,spline,0.9764,3.399,12.529
G005Day4Rest2.cnt,G005,2,contiguous,2,nearest,0.8205,5.873,5.044
G005Day4Rest2.cnt,G005,2,contiguous,2,linear,0.9962,0.919,21.155
G005Day4Rest2.cnt,G005,2,contiguous,2,spline,0.9926,1.249,18.491
G005Day4Rest2.cnt,G005,8,scattered,1,nearest,0.9123,4.299,7.82
G005Day4Rest2.cnt,G005,8,scattered,1,linear,0.9924,1.25,18.547
G005Day4Rest2.cnt,G005,8,scattered,1,spline,0.9816,2.315,13.197
G005Day4Rest2.cnt,G005,8,scattered,2,nearest,0.903,7.64,3.041
G005Day4Rest2.cnt,G005,8,scattered,2,linear,0.9899,1.363,18.011
G005Day4Rest2.cnt,G005,8,scattered,2,spline,0.9808,2.811,11.726
G005Day4Rest2.cnt,G005,8,contiguous,1,nearest,0.891,5.69,7.095
G005Day4Rest2.cnt,G005,8,contiguous,1,linear,0.9862,1.898,16.63
G005Day4Rest2.cnt,G005,8,contiguous,1,spline,0.9649,3.658,10.932
G005Day4Rest2.cnt,G005,8,contiguous,2,nearest,0.845,6.87,4.805
G005Day4Rest2.cnt,G005,8,contiguous,2,linear,0.9814,2.373,14.039
G005Day4Rest2.cnt,G005,8,contiguous,2,spline,0.9754,2.71,12.886
G005Day4Rest2.cnt,G005,16,scattered,1,nearest,0.864,7.912,3.101
G005Day4Rest2.cnt,G005,16,scattered,1,linear,0.985,1.77,16.105
G005Day4Rest2.cnt,G005,16,scattered,1,spline,0.9722,2.907,11.799
G005Day4Rest2.cnt,G005,16,scattered,2,nearest,0.8706,5.504,4.882
G005Day4Rest2.cnt,G005,16,scattered,2,linear,0.9849,1.525,16.033
G005Day4Rest2.cnt,G005,16,scattered,2,spline,0.9521,3.484,8.854
G005Day4Rest2.cnt,G005,16,contiguous,1,nearest,0.8426,9.399,0.86
G005Day4Rest2.cnt,G005,16,contiguous,1,linear,0.9653,2.354,12.884
G005Day4Rest2.cnt,G005,16,contiguous,1,spline,0.9317,4.702,6.876
G005Day4Rest2.cnt,G005,16,contiguous,2,nearest,0.8259,8.824,4.482
G005Day4Rest2.cnt,G005,16,contiguous,2,linear,0.9362,5.419,8.718
G005Day4Rest2.cnt,G005,16,contiguous,2,spline,0.912,6.566,7.051
